-- phpMyAdmin SQL Dump
-- version 4.2.12deb2+deb8u2
-- http://www.phpmyadmin.net
--
-- Host: localhost
-- Erstellungszeit: 30. Dez 2017 um 00:27
-- Server Version: 5.5.57-0+deb8u1
-- PHP-Version: 5.6.30-0+deb8u1

SET SQL_MODE = "NO_AUTO_VALUE_ON_ZERO";
SET time_zone = "+00:00";


/*!40101 SET @OLD_CHARACTER_SET_CLIENT=@@CHARACTER_SET_CLIENT */;
/*!40101 SET @OLD_CHARACTER_SET_RESULTS=@@CHARACTER_SET_RESULTS */;
/*!40101 SET @OLD_COLLATION_CONNECTION=@@COLLATION_CONNECTION */;
/*!40101 SET NAMES utf8 */;

--
-- Datenbank: `jetro_db`
--
CREATE DATABASE IF NOT EXISTS `jetro_db` DEFAULT CHARACTER SET utf8 COLLATE utf8_unicode_ci;
USE `jetro_db`;

-- --------------------------------------------------------

--
-- Tabellenstruktur für Tabelle `badging_abteilung`
--

CREATE TABLE IF NOT EXISTS `badging_abteilung` (
`ID_abteilung` int(11) NOT NULL,
  `Abteilung` char(5) CHARACTER SET latin1 DEFAULT NULL
) ENGINE=InnoDB AUTO_INCREMENT=6 DEFAULT CHARSET=utf8 COLLATE=utf8_unicode_ci;

--
-- Daten für Tabelle `badging_abteilung`
--

INSERT INTO `badging_abteilung` (`ID_abteilung`, `Abteilung`) VALUES
(3, NULL),
(4, 'BM KV');

-- --------------------------------------------------------

--
-- Tabellenstruktur für Tabelle `badging_admin`
--

CREATE TABLE IF NOT EXISTS `badging_admin` (
`ID_ADMIN` int(11) NOT NULL,
  `Benutzername` varchar(255) CHARACTER SET latin1 DEFAULT NULL,
  `Passwort` varchar(255) CHARACTER SET latin1 DEFAULT NULL
) ENGINE=InnoDB AUTO_INCREMENT=4 DEFAULT CHARSET=utf8 COLLATE=utf8_unicode_ci;

--
-- Daten für Tabelle `badging_admin`
--

INSERT INTO `badging_admin` (`ID_ADMIN`, `Benutzername`, `Passwort`) VALUES
(1, 'Admin', '8049*Espas'),
(2, 'admin-kv', 'Espas*2017*');

-- --------------------------------------------------------

--
-- Tabellenstruktur für Tabelle `badging_position`
--

CREATE TABLE IF NOT EXISTS `badging_position` (
`ID_position` int(11) NOT NULL,
  `Position` char(5) CHARACTER SET latin1 DEFAULT NULL
) ENGINE=InnoDB AUTO_INCREMENT=17 DEFAULT CHARSET=utf8 COLLATE=utf8_unicode_ci;

--
-- Daten für Tabelle `badging_position`
--

INSERT INTO `badging_position` (`ID_position`, `Position`) VALUES
(12, NULL),
(6, 'AK'),
(13, 'AL'),
(8, 'GL'),
(1, 'LL1'),
(2, 'LL2'),
(3, 'LL3'),
(4, 'LL4'),
(9, 'MA'),
(7, 'TN'),
(16, 'VL');

-- --------------------------------------------------------

--
-- Tabellenstruktur für Tabelle `badging_time`
--

CREATE TABLE IF NOT EXISTS `badging_time` (
`ID_badging_time` int(11) NOT NULL,
  `badging_starttime` datetime DEFAULT NULL,
  `badging_endtime` datetime DEFAULT NULL,
  `soll_zeit` time DEFAULT NULL,
  `USER_FK` int(11) DEFAULT NULL
) ENGINE=InnoDB AUTO_INCREMENT=1089 DEFAULT CHARSET=utf8 COLLATE=utf8_unicode_ci;

--
-- Daten für Tabelle `badging_time`
--

INSERT INTO `badging_time` (`ID_badging_time`, `badging_starttime`, `badging_endtime`, `soll_zeit`, `USER_FK`) VALUES
(1, '2017-11-09 16:44:00', NULL, NULL, 73),
(2, '2017-11-09 16:44:00', NULL, NULL, 65),
(3, '2017-11-09 16:44:00', NULL, NULL, 8),
(4, '2017-11-09 16:59:00', NULL, NULL, 16),
(5, '2017-11-09 17:01:00', '2017-11-09 17:01:00', '00:00:00', 20),
(6, '2017-11-09 17:01:00', NULL, NULL, 20),
(7, '2017-11-09 17:02:00', '2017-11-09 17:02:00', '00:00:00', 23),
(8, '2017-11-09 17:02:00', NULL, NULL, 23),
(9, '2017-11-09 17:02:00', '2017-11-09 17:02:00', '00:00:00', 21),
(10, '2017-11-09 17:02:00', NULL, NULL, 21),
(11, '2017-11-09 17:02:00', '2017-11-09 17:02:00', '00:00:00', 25),
(12, '2017-11-09 17:02:00', '2017-11-09 17:02:00', '00:00:00', 25),
(13, '2017-11-09 17:02:00', '2017-11-09 17:02:00', '00:00:00', 25),
(14, '2017-11-09 17:02:00', NULL, NULL, 25),
(15, '2017-11-09 17:02:00', '2017-11-09 17:02:00', '00:00:00', 80),
(16, '2017-11-09 17:02:00', NULL, NULL, 80),
(17, '2017-11-09 17:02:00', '2017-11-09 17:02:00', '00:00:00', 48),
(18, '2017-11-09 17:02:00', NULL, NULL, 48),
(19, '2017-11-09 17:03:00', '2017-11-09 17:03:00', '00:00:00', 52),
(20, '2017-11-09 17:03:00', '2017-11-09 17:03:00', '00:00:00', 54),
(21, '2017-11-09 17:03:00', NULL, NULL, 54),
(22, '2017-11-09 17:03:00', '2017-11-09 17:03:00', '00:00:00', 50),
(23, '2017-11-10 07:35:00', '2017-11-10 07:35:00', '00:00:00', 39),
(24, '2017-11-10 07:36:00', NULL, NULL, NULL),
(25, '2017-11-10 07:36:00', NULL, NULL, NULL),
(26, '2017-11-10 07:37:00', '2017-11-10 07:37:00', '00:00:00', 68),
(27, '2017-11-10 07:37:00', '2017-11-10 07:37:00', '00:00:00', 68),
(28, '2017-11-10 07:37:00', NULL, NULL, 36),
(29, '2017-11-10 07:37:00', '2017-11-10 07:37:00', '00:00:00', 83),
(30, '2017-11-10 07:37:00', NULL, NULL, 83),
(31, '2017-11-10 07:42:00', '2017-11-10 07:42:00', '00:00:00', 51),
(32, '2017-11-10 07:42:00', '2017-11-10 07:42:00', '00:00:00', 51),
(33, '2017-11-10 07:42:00', NULL, NULL, 51),
(34, '2017-11-10 07:43:00', '2017-11-10 07:43:00', '00:00:00', 23),
(35, '2017-11-10 07:43:00', NULL, NULL, 23),
(36, '2017-11-10 07:45:00', '2017-11-10 07:45:00', '00:00:00', 24),
(37, '2017-11-10 07:46:00', '2017-11-10 07:46:00', '00:00:00', 47),
(38, '2017-11-10 07:46:00', NULL, NULL, 47),
(39, '2017-11-10 07:46:00', '2017-11-10 07:46:00', '00:00:00', 55),
(40, '2017-11-10 07:46:00', '2017-11-10 07:46:00', '00:00:00', 58),
(41, '2017-11-10 07:46:00', NULL, NULL, 58),
(42, '2017-11-10 07:46:00', NULL, NULL, NULL),
(43, '2017-11-10 07:46:00', NULL, NULL, NULL),
(44, '2017-11-10 07:47:00', '2017-11-10 07:47:00', '00:00:00', 82),
(45, '2017-11-10 07:47:00', NULL, NULL, 82),
(46, '2017-11-10 07:50:00', '2017-11-10 07:50:00', '00:00:00', 21),
(47, '2017-11-10 07:50:00', '2017-11-10 07:50:00', '00:00:00', 74),
(48, '2017-11-10 07:50:00', NULL, NULL, 74),
(49, '2017-11-10 07:50:00', '2017-11-10 07:50:00', '00:00:00', 70),
(50, '2017-11-10 07:50:00', NULL, NULL, 70),
(51, '2017-11-10 07:50:00', '2017-11-10 07:50:00', '00:00:00', 46),
(52, '2017-11-10 07:50:00', NULL, NULL, 46),
(53, '2017-11-10 07:50:00', '2017-11-10 07:50:00', '00:00:00', 19),
(54, '2017-11-10 07:50:00', '2017-11-10 17:01:00', '09:51:00', 19),
(55, '2017-11-10 07:51:00', NULL, NULL, 33),
(56, '2017-11-10 07:53:00', '2017-11-10 07:53:00', '00:00:00', 64),
(57, '2017-11-10 07:55:00', '2017-11-10 07:55:00', '00:00:00', 52),
(58, '2017-11-10 07:56:00', '2017-11-10 07:56:00', '00:00:00', 12),
(59, '2017-11-10 07:56:00', '2017-11-10 17:02:00', '09:46:00', 12),
(60, '2017-11-10 07:57:00', '2017-11-10 07:57:00', '00:00:00', 30),
(61, '2017-11-10 07:57:00', NULL, NULL, 30),
(62, '2017-11-10 07:58:00', '2017-11-10 07:58:00', '00:00:00', 73),
(63, '2017-11-10 07:58:00', '2017-11-10 07:58:00', '00:00:00', 18),
(64, '2017-11-10 07:58:00', '2017-11-10 07:58:00', '00:00:00', 13),
(65, '2017-11-10 07:59:00', '2017-11-10 07:59:00', '00:00:00', 5),
(66, '2017-11-10 07:59:00', NULL, NULL, 5),
(67, '2017-11-10 07:59:00', '2017-11-10 07:59:00', '00:00:00', 60),
(68, '2017-11-10 07:59:00', NULL, NULL, 60),
(69, '2017-11-10 07:59:00', '2017-11-10 07:59:00', '00:00:00', 7),
(70, '2017-11-10 08:00:00', '2017-11-10 08:00:00', '00:00:00', 54),
(71, '2017-11-10 08:00:00', '2017-11-10 08:00:00', '00:00:00', 10),
(72, '2017-11-10 08:00:00', '2017-11-10 08:00:00', '00:00:00', 10),
(73, '2017-11-10 08:00:00', NULL, NULL, 25),
(74, '2017-11-10 08:01:00', '2017-11-10 08:01:00', '00:00:00', 34),
(75, '2017-11-10 08:01:00', NULL, NULL, 34),
(76, '2017-11-10 08:25:00', NULL, NULL, 44),
(77, '2017-11-10 08:58:00', '2017-11-10 08:58:00', '00:00:00', 52),
(78, '2017-11-10 08:58:00', '2017-11-10 08:58:00', '00:00:00', 52),
(79, '2017-11-10 09:08:00', '2017-11-10 17:41:00', '08:33:00', 1),
(80, '2017-11-10 10:13:00', '2017-11-10 17:02:00', NULL, 78),
(81, '2017-11-10 11:55:00', NULL, NULL, 68),
(82, '2017-11-10 11:56:00', NULL, NULL, 60),
(83, '2017-11-10 11:56:00', NULL, NULL, 46),
(84, '2017-11-10 11:56:00', NULL, NULL, 82),
(85, '2017-11-10 11:56:00', NULL, NULL, 10),
(86, '2017-11-10 11:56:00', NULL, NULL, 55),
(87, '2017-11-10 12:01:00', '2017-11-10 17:02:00', '05:01:00', 31),
(88, '2017-11-10 12:02:00', NULL, NULL, 33),
(89, '2017-11-10 12:11:00', NULL, NULL, 56),
(90, '2017-11-10 12:58:00', NULL, NULL, 51),
(91, '2017-11-10 14:46:00', NULL, NULL, 18),
(92, '2017-11-10 14:52:00', NULL, NULL, 47),
(93, '2017-11-10 15:00:00', NULL, NULL, 36),
(94, '2017-11-10 15:06:00', NULL, NULL, 34),
(95, '2017-11-10 15:26:00', NULL, NULL, 65),
(96, '2017-11-10 15:30:00', NULL, NULL, 70),
(97, '2017-11-10 15:59:00', NULL, NULL, 44),
(98, '2017-11-10 16:00:00', NULL, NULL, 80),
(99, '2017-11-10 16:43:00', NULL, NULL, 48),
(100, '2017-11-10 16:45:00', NULL, NULL, 23),
(101, '2017-11-10 16:49:00', NULL, NULL, 25),
(102, '2017-11-10 17:00:00', NULL, NULL, 74),
(103, '2017-11-10 17:00:00', NULL, NULL, 54),
(104, '2017-11-10 17:01:00', '2017-11-10 17:01:00', '00:00:00', 19),
(105, '2017-11-10 17:01:00', NULL, NULL, 24),
(106, '2017-11-10 17:01:00', NULL, NULL, 30),
(107, '2017-11-10 17:02:00', NULL, NULL, 52),
(108, '2017-11-10 17:02:00', '2017-11-10 17:02:00', '00:00:00', 12),
(109, '2017-11-10 17:02:00', NULL, NULL, 12),
(110, '2017-11-13 06:56:00', '2017-11-13 15:55:00', NULL, 59),
(111, '2017-11-13 07:05:00', NULL, NULL, 61),
(112, '2017-11-13 07:36:00', '2017-11-13 07:36:00', '00:00:00', 39),
(113, '2017-11-13 07:41:00', '2017-11-13 17:00:00', '09:59:00', 19),
(114, '2017-11-13 07:42:00', NULL, NULL, NULL),
(115, '2017-11-13 07:47:00', '2017-11-13 16:59:00', '09:12:00', 22),
(116, '2017-11-13 07:48:00', '2017-11-13 07:48:00', '00:00:00', 76),
(117, '2017-11-13 07:49:00', '2017-11-13 17:00:00', '09:51:00', 21),
(118, '2017-11-13 07:52:00', '2017-11-13 17:01:00', '09:49:00', 20),
(119, '2017-11-13 07:52:00', NULL, NULL, 75),
(120, '2017-11-13 07:54:00', '2017-11-13 07:54:00', '00:00:00', 50),
(121, '2017-11-13 07:55:00', '2017-11-13 14:30:00', NULL, 64),
(122, '2017-11-13 07:59:00', '2017-11-13 17:29:00', NULL, 8),
(123, '2017-11-13 08:01:00', '2017-11-13 12:28:00', '04:27:00', 83),
(124, '2017-11-13 08:09:00', '2017-11-13 17:02:00', NULL, 78),
(125, '2017-11-13 08:43:00', NULL, NULL, 1),
(126, '2017-11-13 11:57:00', NULL, NULL, 60),
(127, '2017-11-13 11:57:00', NULL, NULL, 46),
(128, '2017-11-13 11:59:00', NULL, NULL, 55),
(129, '2017-11-13 12:03:00', NULL, NULL, 33),
(130, '2017-11-13 13:00:00', NULL, NULL, 51),
(131, '2017-11-13 15:02:00', NULL, NULL, 34),
(132, '2017-11-13 15:06:00', NULL, NULL, 30),
(133, '2017-11-13 15:47:00', NULL, NULL, 47),
(134, '2017-11-13 17:00:00', '2017-11-13 17:00:00', '00:00:00', 50),
(135, '2017-11-13 17:00:00', NULL, NULL, 54),
(136, '2017-11-13 17:00:00', NULL, NULL, 23),
(137, '2017-11-13 17:01:00', NULL, NULL, 76),
(138, '2017-11-13 17:02:00', NULL, NULL, 78),
(139, '2017-11-14 07:09:00', '2017-11-14 17:37:00', '10:28:00', 80),
(140, '2017-11-14 07:38:00', '2017-11-14 12:09:00', NULL, 56),
(141, '2017-11-14 07:44:00', '2017-11-14 16:14:00', NULL, 16),
(142, '2017-11-14 07:53:00', '2017-11-14 16:55:00', '09:02:00', 57),
(143, '2017-11-14 07:53:00', '2017-11-14 11:59:00', '04:06:00', 83),
(144, '2017-11-14 07:54:00', '2017-11-14 17:01:00', '09:47:00', 21),
(145, '2017-11-14 07:54:00', NULL, NULL, 64),
(146, '2017-11-14 07:55:00', '2017-11-14 17:02:00', '09:47:00', 50),
(147, '2017-11-14 07:58:00', NULL, NULL, 62),
(148, '2017-11-14 07:59:00', NULL, NULL, 22),
(149, '2017-11-14 08:00:00', NULL, NULL, 5),
(150, '2017-11-14 08:01:00', '2017-11-14 11:59:00', '03:58:00', 38),
(151, '2017-11-14 08:02:00', '2017-11-14 11:53:00', '03:51:00', 32),
(152, '2017-11-14 08:03:00', '2017-11-14 17:24:00', '09:21:00', 8),
(153, '2017-11-14 08:03:00', '2017-11-14 17:01:00', NULL, 20),
(154, '2017-11-14 08:32:00', '2017-11-14 17:24:00', NULL, 7),
(155, '2017-11-14 08:39:00', '2017-11-14 16:28:00', NULL, 59),
(156, '2017-11-14 08:49:00', '2017-11-14 16:59:00', '08:10:00', 53),
(157, '2017-11-14 10:58:00', '2017-11-14 15:17:00', '04:59:00', 39),
(158, '2017-11-14 11:58:00', NULL, NULL, 46),
(159, '2017-11-14 12:00:00', NULL, NULL, 60),
(160, '2017-11-14 12:00:00', NULL, NULL, 55),
(161, '2017-11-14 12:54:00', NULL, NULL, 51),
(162, '2017-11-14 12:58:00', NULL, NULL, 45),
(163, '2017-11-14 14:32:00', NULL, NULL, 30),
(164, '2017-11-14 15:02:00', NULL, NULL, 36),
(165, '2017-11-14 15:07:00', NULL, NULL, 34),
(166, '2017-11-14 15:54:00', NULL, NULL, 47),
(167, '2017-11-14 16:01:00', NULL, NULL, 44),
(168, '2017-11-14 16:55:00', NULL, NULL, 19),
(169, '2017-11-14 17:01:00', '2017-11-14 17:01:00', '00:00:00', 76),
(170, '2017-11-14 17:01:00', NULL, NULL, 23),
(171, '2017-11-14 17:01:00', NULL, NULL, 48),
(172, '2017-11-14 17:03:00', '2017-11-14 17:03:00', '00:00:00', 78),
(173, '2017-11-14 17:03:00', NULL, NULL, 54),
(174, '2017-11-14 17:04:00', NULL, NULL, 65),
(175, '2017-11-15 07:22:00', '2017-11-15 16:51:00', '09:29:00', 80),
(176, '2017-11-15 07:31:00', '2017-11-15 07:31:00', '00:00:00', 59),
(177, '2017-11-15 07:31:00', '2017-11-15 17:15:00', NULL, 59),
(178, '2017-11-15 07:34:00', '2017-11-15 15:22:00', NULL, 39),
(179, '2017-11-15 07:35:00', '2017-11-15 12:15:00', NULL, 56),
(180, '2017-11-15 07:39:00', '2017-11-15 17:01:00', NULL, 31),
(181, '2017-11-15 07:42:00', '2017-11-15 15:01:00', '07:59:00', 41),
(182, '2017-11-15 07:45:00', NULL, NULL, 58),
(183, '2017-11-15 07:45:00', NULL, NULL, NULL),
(184, '2017-11-15 07:46:00', NULL, NULL, 40),
(185, '2017-11-15 07:50:00', '2017-11-15 07:50:00', '00:00:00', 20),
(186, '2017-11-15 07:51:00', '2017-11-15 07:51:00', '00:00:00', 57),
(187, '2017-11-15 07:52:00', '2017-11-15 15:21:00', NULL, 82),
(188, '2017-11-15 07:57:00', '2017-11-15 17:02:00', '09:45:00', 13),
(189, '2017-11-15 07:57:00', '2017-11-15 14:56:00', NULL, 16),
(190, '2017-11-15 07:59:00', NULL, NULL, 10),
(191, '2017-11-15 08:01:00', '2017-11-15 14:02:00', '06:01:00', 33),
(192, '2017-11-15 08:05:00', NULL, NULL, 29),
(193, '2017-11-15 08:35:00', NULL, NULL, 71),
(194, '2017-11-15 08:35:00', '2017-11-15 16:59:00', '08:24:00', 66),
(195, '2017-11-15 09:05:00', NULL, NULL, 77),
(196, '2017-11-15 09:42:00', '2017-11-15 17:00:00', '07:58:00', 72),
(197, '2017-11-15 10:02:00', '2017-11-15 11:57:00', '01:55:00', 38),
(198, '2017-11-15 10:05:00', NULL, NULL, 83),
(199, '2017-11-15 11:55:00', NULL, NULL, 55),
(200, '2017-11-15 11:56:00', NULL, NULL, 60),
(201, '2017-11-15 11:59:00', NULL, NULL, 46),
(202, '2017-11-15 12:47:00', NULL, NULL, 51),
(203, '2017-11-15 15:06:00', NULL, NULL, 34),
(204, '2017-11-15 16:00:00', NULL, NULL, 44),
(205, '2017-11-15 16:57:00', NULL, NULL, 22),
(206, '2017-11-15 16:57:00', NULL, NULL, 48),
(207, '2017-11-15 16:57:00', NULL, NULL, 70),
(208, '2017-11-15 16:59:00', NULL, NULL, 12),
(209, '2017-11-15 16:59:00', '2017-11-15 16:59:00', '00:00:00', 57),
(210, '2017-11-15 16:59:00', '2017-11-15 16:59:00', '00:00:00', 57),
(211, '2017-11-15 16:59:00', NULL, NULL, 57),
(212, '2017-11-15 17:00:00', NULL, NULL, 74),
(213, '2017-11-15 17:00:00', NULL, NULL, 19),
(214, '2017-11-15 17:00:00', NULL, NULL, 52),
(215, '2017-11-15 17:00:00', NULL, NULL, 20),
(216, '2017-11-15 17:02:00', NULL, NULL, 54),
(217, '2017-11-15 17:04:00', NULL, NULL, 65),
(218, '2017-11-15 17:05:00', NULL, NULL, 1),
(219, '2017-11-15 17:15:00', NULL, NULL, 8),
(220, '2017-11-16 07:32:00', NULL, NULL, 59),
(221, '2017-11-16 07:36:00', NULL, NULL, 39),
(222, '2017-11-16 07:37:00', '2017-11-16 12:07:00', NULL, 56),
(223, '2017-11-16 07:45:00', '2017-11-16 14:54:00', '07:09:00', 47),
(224, '2017-11-16 07:45:00', '2017-11-16 16:19:00', NULL, 41),
(225, '2017-11-16 07:45:00', '2017-11-16 15:02:00', '07:57:00', 36),
(226, '2017-11-16 07:46:00', '2017-11-16 17:01:00', '09:55:00', 31),
(227, '2017-11-16 07:46:00', '2017-11-16 17:01:00', '09:55:00', 66),
(228, '2017-11-16 07:47:00', '2017-11-16 12:04:00', '04:57:00', 80),
(229, '2017-11-16 07:51:00', '2017-11-16 17:00:00', '09:49:00', 21),
(230, '2017-11-16 07:55:00', '2017-11-16 15:59:00', '08:04:00', 13),
(231, '2017-11-16 07:56:00', '2017-11-16 07:56:00', '00:00:00', 73),
(232, '2017-11-16 07:59:00', '2017-11-16 16:59:00', '09:00:00', 16),
(233, '2017-11-16 08:04:00', '2017-11-16 16:19:00', '08:15:00', 33),
(234, '2017-11-16 08:30:00', NULL, NULL, 72),
(235, '2017-11-16 08:49:00', NULL, NULL, 64),
(236, '2017-11-16 09:31:00', '2017-11-16 11:58:00', '02:27:00', 38),
(237, '2017-11-16 11:57:00', NULL, NULL, 55),
(238, '2017-11-16 11:58:00', NULL, NULL, 60),
(239, '2017-11-16 11:58:00', NULL, NULL, 46),
(240, '2017-11-16 12:05:00', NULL, NULL, 83),
(241, '2017-11-16 12:50:00', NULL, NULL, 50),
(242, '2017-11-16 13:00:00', NULL, NULL, 51),
(243, '2017-11-16 13:14:00', '2017-11-16 17:01:00', NULL, 78),
(244, '2017-11-16 15:05:00', NULL, NULL, 34),
(245, '2017-11-16 15:59:00', NULL, NULL, NULL),
(246, '2017-11-16 16:54:00', NULL, NULL, 57),
(247, '2017-11-16 16:59:00', NULL, NULL, 48),
(248, '2017-11-16 17:00:00', NULL, NULL, 74),
(249, '2017-11-16 17:02:00', NULL, NULL, 19),
(250, '2017-11-16 17:02:00', NULL, NULL, 12),
(251, '2017-11-17 07:36:00', '2017-11-17 12:15:00', NULL, 56),
(252, '2017-11-17 07:37:00', '2017-11-17 15:01:00', NULL, 36),
(253, '2017-11-17 07:37:00', '2017-11-17 07:37:00', '00:00:00', 41),
(254, '2017-11-17 07:37:00', '2017-11-17 15:01:00', NULL, 41),
(255, '2017-11-17 07:40:00', '2017-11-17 17:01:00', NULL, 78),
(256, '2017-11-17 07:46:00', '2017-11-17 17:02:00', '09:56:00', 66),
(257, '2017-11-17 07:47:00', '2017-11-17 11:59:00', '04:12:00', 82),
(258, '2017-11-17 07:48:00', '2017-11-17 17:37:00', NULL, 7),
(259, '2017-11-17 07:55:00', NULL, NULL, 58),
(260, '2017-11-17 07:56:00', '2017-11-17 11:58:00', '04:02:00', 33),
(261, '2017-11-17 07:57:00', '2017-11-17 16:26:00', NULL, 65),
(262, '2017-11-17 07:57:00', '2017-11-17 07:57:00', '00:00:00', 84),
(263, '2017-11-17 07:58:00', '2017-11-17 16:00:00', '08:42:00', 44),
(264, '2017-11-17 07:59:00', '2017-11-17 16:59:00', '09:00:00', 13),
(265, '2017-11-17 08:03:00', '2017-11-17 11:55:00', '03:52:00', 32),
(266, '2017-11-17 08:03:00', '2017-11-17 17:03:00', '09:00:00', 71),
(267, '2017-11-17 08:04:00', NULL, NULL, 62),
(268, '2017-11-17 08:18:00', '2017-11-17 14:55:00', '06:37:00', 38),
(269, '2017-11-17 09:20:00', '2017-11-17 16:38:00', '07:18:00', 80),
(270, '2017-11-17 09:56:00', NULL, NULL, 53),
(271, '2017-11-17 11:49:00', NULL, NULL, 83),
(272, '2017-11-17 11:56:00', NULL, NULL, 60),
(273, '2017-11-17 11:56:00', NULL, NULL, 46),
(274, '2017-11-17 12:05:00', NULL, NULL, 55),
(275, '2017-11-17 12:51:00', NULL, NULL, 51),
(276, '2017-11-17 12:53:00', '2017-11-17 17:01:00', '04:48:00', 31),
(277, '2017-11-17 16:09:00', NULL, NULL, 50),
(278, '2017-11-17 16:21:00', NULL, NULL, 48),
(279, '2017-11-17 16:53:00', NULL, NULL, 59),
(280, '2017-11-17 17:00:00', NULL, NULL, 74),
(281, '2017-11-17 17:01:00', NULL, NULL, 52),
(282, '2017-11-17 17:01:00', NULL, NULL, 73),
(283, '2017-11-17 17:10:00', NULL, NULL, 64),
(284, '2017-11-17 17:30:00', NULL, NULL, 1),
(285, '2017-11-20 07:35:00', NULL, NULL, 80),
(286, '2017-11-20 07:36:00', '2017-11-20 12:16:00', NULL, 56),
(287, '2017-11-20 07:39:00', NULL, NULL, 39),
(288, '2017-11-20 07:49:00', '2017-11-20 15:47:00', NULL, 47),
(289, '2017-11-20 07:51:00', '2017-11-20 17:01:00', '09:50:00', 76),
(290, '2017-11-20 07:52:00', '2017-11-20 15:17:00', NULL, 82),
(291, '2017-11-20 07:53:00', '2017-11-20 17:00:00', '09:47:00', 21),
(292, '2017-11-20 07:53:00', NULL, NULL, 19),
(293, '2017-11-20 07:58:00', '2017-11-20 11:56:00', NULL, 20),
(294, '2017-11-20 08:00:00', '2017-11-20 12:28:00', '04:28:00', 33),
(295, '2017-11-20 08:01:00', '2017-11-20 15:00:00', NULL, 38),
(296, '2017-11-20 08:02:00', '2017-11-20 16:56:00', '08:54:00', 32),
(297, '2017-11-20 11:55:00', NULL, NULL, 68),
(298, '2017-11-20 11:55:00', NULL, NULL, 46),
(299, '2017-11-20 11:56:00', NULL, NULL, 60),
(300, '2017-11-20 11:56:00', NULL, NULL, 22),
(301, '2017-11-20 12:00:00', NULL, NULL, 55),
(302, '2017-11-20 12:02:00', NULL, NULL, 83),
(303, '2017-11-20 15:03:00', NULL, NULL, 51),
(304, '2017-11-20 17:00:00', NULL, NULL, 54),
(305, '2017-11-20 17:01:00', NULL, NULL, 50),
(306, '2017-11-20 17:10:00', '2017-11-20 17:11:00', '00:01:00', 1),
(307, '2017-11-20 17:11:00', NULL, NULL, 64),
(308, '2017-11-21 07:37:00', '2017-11-21 12:18:00', NULL, 56),
(309, '2017-11-21 07:42:00', '2017-11-21 15:02:00', NULL, 36),
(310, '2017-11-21 07:42:00', '2017-11-21 15:20:00', NULL, 41),
(311, '2017-11-21 07:45:00', NULL, NULL, 8),
(312, '2017-11-21 07:50:00', '2017-11-21 14:59:00', '07:09:00', 38),
(313, '2017-11-21 07:50:00', '2017-11-21 16:08:00', '08:58:00', 82),
(314, '2017-11-21 07:56:00', NULL, NULL, 75),
(315, '2017-11-21 07:56:00', '2017-11-21 07:56:00', '00:00:00', 33),
(316, '2017-11-21 07:56:00', '2017-11-21 15:41:00', NULL, 47),
(317, '2017-11-21 07:56:00', '2017-11-21 07:57:00', '00:01:00', 21),
(318, '2017-11-21 07:57:00', '2017-11-21 17:00:00', '09:43:00', 76),
(319, '2017-11-21 07:57:00', '2017-11-21 17:20:00', NULL, 59),
(320, '2017-11-21 07:58:00', '2017-11-21 16:13:00', '08:55:00', 16),
(321, '2017-11-21 08:04:00', '2017-11-21 16:22:00', '08:18:00', 65),
(322, '2017-11-21 11:55:00', NULL, NULL, 68),
(323, '2017-11-21 11:56:00', NULL, NULL, 46),
(324, '2017-11-21 11:56:00', NULL, NULL, 60),
(325, '2017-11-21 12:02:00', NULL, NULL, 55),
(326, '2017-11-21 12:53:00', '2017-11-21 17:01:00', '04:48:00', 20),
(327, '2017-11-21 13:59:00', NULL, NULL, 33),
(328, '2017-11-21 15:00:00', NULL, NULL, 34),
(329, '2017-11-21 15:03:00', NULL, NULL, 39),
(330, '2017-11-21 15:04:00', NULL, NULL, 51),
(331, '2017-11-21 15:59:00', NULL, NULL, 30),
(332, '2017-11-21 16:13:00', NULL, NULL, 64),
(333, '2017-11-21 16:57:00', NULL, NULL, 57),
(334, '2017-11-21 16:58:00', NULL, NULL, 45),
(335, '2017-11-21 17:00:00', NULL, NULL, 50),
(336, '2017-11-21 17:00:00', NULL, NULL, 54),
(337, '2017-11-21 17:00:00', NULL, NULL, 21),
(338, '2017-11-21 17:01:00', NULL, NULL, 80),
(339, '2017-11-21 17:01:00', NULL, NULL, 22),
(340, '2017-11-22 06:37:00', '2017-11-22 16:44:00', '10:07:00', 59),
(341, '2017-11-22 07:30:00', '2017-11-22 16:58:00', '09:28:00', 61),
(342, '2017-11-22 07:34:00', '2017-11-22 16:56:00', '09:22:00', 48),
(343, '2017-11-22 07:42:00', '2017-11-22 12:20:00', NULL, 56),
(344, '2017-11-22 07:46:00', '2017-11-22 15:42:00', NULL, 47),
(345, '2017-11-22 07:46:00', '2017-11-22 17:01:00', '09:55:00', 17),
(346, '2017-11-22 07:47:00', '2017-11-22 17:00:00', '09:53:00', 76),
(347, '2017-11-22 07:48:00', '2017-11-22 15:17:00', NULL, 82),
(348, '2017-11-22 07:50:00', '2017-11-22 17:01:00', '09:51:00', 70),
(349, '2017-11-22 07:50:00', '2017-11-22 07:50:00', '00:00:00', 19),
(350, '2017-11-22 07:50:00', '2017-11-22 17:01:00', '09:51:00', 19),
(351, '2017-11-22 07:50:00', '2017-11-22 15:02:00', '07:52:00', 36),
(352, '2017-11-22 07:52:00', '2017-11-22 17:01:00', '09:49:00', 20),
(353, '2017-11-22 07:52:00', NULL, NULL, 12),
(354, '2017-11-22 07:54:00', '2017-11-22 11:56:00', '04:02:00', 38),
(355, '2017-11-22 07:56:00', '2017-11-22 17:31:00', NULL, 65),
(356, '2017-11-22 07:56:00', '2017-11-22 17:01:00', '09:45:00', 71),
(357, '2017-11-22 07:56:00', '2017-11-22 17:01:00', '09:45:00', 66),
(358, '2017-11-22 07:57:00', '2017-11-22 17:00:00', '09:43:00', 13),
(359, '2017-11-22 07:57:00', NULL, NULL, NULL),
(360, '2017-11-22 07:59:00', '2017-11-22 07:59:00', '00:00:00', 1),
(361, '2017-11-22 08:00:00', '2017-11-22 16:58:00', '08:58:00', 16),
(362, '2017-11-22 08:02:00', NULL, NULL, 5),
(363, '2017-11-22 08:40:00', '2017-11-22 15:02:00', NULL, 41),
(364, '2017-11-22 08:58:00', '2017-11-22 17:01:00', '08:43:00', 53),
(365, '2017-11-22 10:00:00', NULL, NULL, NULL),
(366, '2017-11-22 10:01:00', NULL, NULL, NULL),
(367, '2017-11-22 10:03:00', '2017-11-22 15:23:00', '05:20:00', 83),
(368, '2017-11-22 11:56:00', NULL, NULL, 55),
(369, '2017-11-22 11:57:00', NULL, NULL, 60),
(370, '2017-11-22 11:57:00', NULL, NULL, 46),
(371, '2017-11-22 14:04:00', NULL, NULL, 33),
(372, '2017-11-22 15:01:00', NULL, NULL, 34),
(373, '2017-11-22 15:02:00', NULL, NULL, 51),
(374, '2017-11-22 15:03:00', NULL, NULL, 39),
(375, '2017-11-22 16:51:00', NULL, NULL, 72),
(376, '2017-11-22 16:56:00', NULL, NULL, 22),
(377, '2017-11-22 16:58:00', NULL, NULL, 80),
(378, '2017-11-22 16:59:00', NULL, NULL, 57),
(379, '2017-11-22 17:00:00', NULL, NULL, 54),
(380, '2017-11-22 17:00:00', NULL, NULL, 52),
(381, '2017-11-22 17:01:00', NULL, NULL, NULL),
(382, '2017-11-22 17:01:00', NULL, NULL, 24),
(383, '2017-11-22 17:18:00', NULL, NULL, 1),
(384, '2017-11-22 17:47:00', NULL, NULL, 8),
(385, '2017-11-23 07:04:00', '2017-11-23 15:30:00', '08:26:00', 59),
(386, '2017-11-23 07:30:00', '2017-11-23 16:29:00', NULL, 61),
(387, '2017-11-23 07:35:00', '2017-11-23 12:10:00', NULL, 56),
(388, '2017-11-23 07:42:00', '2017-11-23 17:06:00', NULL, 48),
(389, '2017-11-23 07:43:00', '2017-11-23 16:59:00', '09:16:00', 16),
(390, '2017-11-23 07:44:00', '2017-11-23 07:44:00', '00:00:00', 36),
(391, '2017-11-23 07:44:00', '2017-11-23 15:00:00', '07:56:00', 36),
(392, '2017-11-23 07:44:00', '2017-11-23 14:39:00', NULL, 41),
(393, '2017-11-23 07:44:00', NULL, NULL, 70),
(394, '2017-11-23 07:44:00', NULL, NULL, 47),
(395, '2017-11-23 07:44:00', '2017-11-23 17:02:00', '09:58:00', 66),
(396, '2017-11-23 07:49:00', NULL, NULL, 64),
(397, '2017-11-23 07:53:00', '2017-11-23 11:55:00', '04:02:00', 38),
(398, '2017-11-23 07:53:00', NULL, NULL, 19),
(399, '2017-11-23 07:56:00', '2017-11-23 15:50:00', NULL, 17),
(400, '2017-11-23 07:56:00', NULL, NULL, 13),
(401, '2017-11-23 07:56:00', '2017-11-23 16:31:00', NULL, 81),
(402, '2017-11-23 07:57:00', '2017-11-23 16:39:00', NULL, 73),
(403, '2017-11-23 08:00:00', '2017-11-23 16:56:00', '08:56:00', 32),
(404, '2017-11-23 08:10:00', '2017-11-23 17:12:00', '09:02:00', 65),
(405, '2017-11-23 08:12:00', '2017-11-23 18:39:00', '10:27:00', 7),
(406, '2017-11-23 08:18:00', NULL, NULL, 62),
(407, '2017-11-23 10:30:00', '2017-11-23 17:12:00', NULL, 77),
(408, '2017-11-23 11:56:00', NULL, NULL, 60),
(409, '2017-11-23 11:56:00', NULL, NULL, 58),
(410, '2017-11-23 11:57:00', NULL, NULL, 55),
(411, '2017-11-23 13:13:00', '2017-11-23 17:04:00', NULL, 78),
(412, '2017-11-23 14:58:00', NULL, NULL, 34),
(413, '2017-11-23 15:02:00', NULL, NULL, 51),
(414, '2017-11-23 16:03:00', NULL, NULL, 33),
(415, '2017-11-23 16:11:00', NULL, NULL, 52),
(416, '2017-11-23 16:32:00', NULL, NULL, 50),
(417, '2017-11-23 16:47:00', NULL, NULL, 80),
(418, '2017-11-23 16:58:00', NULL, NULL, 57),
(419, '2017-11-23 17:03:00', NULL, NULL, NULL),
(420, '2017-11-23 17:31:00', NULL, NULL, 29),
(421, '2017-11-23 17:35:00', NULL, NULL, 63),
(422, '2017-11-24 07:34:00', NULL, NULL, 48),
(423, '2017-11-24 07:36:00', '2017-11-24 09:16:00', NULL, 56),
(424, '2017-11-24 07:37:00', '2017-11-24 11:52:00', '04:15:00', 39),
(425, '2017-11-24 07:42:00', '2017-11-24 17:00:00', '09:58:00', 66),
(426, '2017-11-24 07:42:00', NULL, NULL, NULL),
(427, '2017-11-24 07:46:00', '2017-11-24 07:46:00', '00:00:00', 82),
(428, '2017-11-24 07:47:00', '2017-11-24 17:03:00', '09:56:00', 17),
(429, '2017-11-24 07:48:00', '2017-11-24 11:55:00', '04:07:00', 38),
(430, '2017-11-24 07:48:00', '2017-11-24 17:01:00', '09:53:00', 30),
(431, '2017-11-24 07:51:00', NULL, NULL, 21),
(432, '2017-11-24 07:51:00', '2017-11-24 15:58:00', '08:07:00', 44),
(433, '2017-11-24 07:56:00', '2017-11-24 15:01:00', '07:45:00', 36),
(434, '2017-11-24 07:57:00', '2017-11-24 07:57:00', '00:00:00', 65),
(435, '2017-11-24 07:57:00', '2017-11-24 17:13:00', '09:56:00', 7),
(436, '2017-11-24 07:58:00', '2017-11-24 07:58:00', '00:00:00', 73),
(437, '2017-11-24 07:58:00', '2017-11-24 17:02:00', '09:44:00', 81),
(438, '2017-11-24 07:58:00', '2017-11-24 17:00:00', '09:42:00', 71),
(439, '2017-11-24 07:59:00', NULL, NULL, 72),
(440, '2017-11-24 07:59:00', '2017-11-24 07:59:00', '00:00:00', 5),
(441, '2017-11-24 08:01:00', '2017-11-24 15:01:00', '07:00:00', 41),
(442, '2017-11-24 08:01:00', '2017-11-24 11:55:00', '03:54:00', 32),
(443, '2017-11-24 10:01:00', NULL, NULL, NULL),
(444, '2017-11-24 10:16:00', '2017-11-24 17:05:00', NULL, 78),
(445, '2017-11-24 11:49:00', '2017-11-24 17:02:00', '05:53:00', 31),
(446, '2017-11-24 11:56:00', NULL, NULL, 82),
(447, '2017-11-24 11:56:00', NULL, NULL, 55),
(448, '2017-11-24 15:02:00', NULL, NULL, 51),
(449, '2017-11-24 15:40:00', NULL, NULL, 47),
(450, '2017-11-24 16:12:00', NULL, NULL, 64),
(451, '2017-11-24 16:58:00', NULL, NULL, 80),
(452, '2017-11-24 17:00:00', NULL, NULL, 19),
(453, '2017-11-24 17:00:00', NULL, NULL, 73),
(454, '2017-11-24 17:00:00', NULL, NULL, 52),
(455, '2017-11-24 17:02:00', NULL, NULL, 50),
(456, '2017-11-24 17:03:00', NULL, NULL, 12),
(457, '2017-11-24 17:04:00', NULL, NULL, NULL),
(458, '2017-11-24 17:10:00', NULL, NULL, 62),
(459, '2017-11-24 17:52:00', NULL, NULL, 65),
(460, '2017-11-27 06:42:00', NULL, NULL, 59),
(461, '2017-11-27 07:01:00', NULL, NULL, 61),
(462, '2017-11-27 07:34:00', NULL, NULL, 68),
(463, '2017-11-27 07:35:00', NULL, NULL, 56),
(464, '2017-11-27 07:47:00', NULL, NULL, 30),
(465, '2017-11-27 07:47:00', NULL, NULL, 20),
(466, '2017-11-27 07:52:00', NULL, NULL, 23),
(467, '2017-11-27 07:52:00', NULL, NULL, 83),
(468, '2017-11-27 07:58:00', NULL, NULL, 8),
(469, '2017-11-27 08:00:00', NULL, NULL, 32),
(470, '2017-11-27 08:03:00', '2017-11-27 17:06:00', '09:03:00', 1),
(471, '2017-11-27 08:03:00', NULL, NULL, 64),
(472, '2017-11-27 08:06:00', NULL, NULL, NULL),
(473, '2017-11-27 08:06:00', '2017-11-27 13:42:00', '05:36:00', 54),
(474, '2017-11-27 08:07:00', '2017-11-27 14:56:00', '06:49:00', 38),
(475, '2017-11-27 10:39:00', '2017-11-27 17:01:00', NULL, 78),
(476, '2017-11-27 11:55:00', NULL, NULL, 46),
(477, '2017-11-27 11:56:00', NULL, NULL, 82),
(478, '2017-11-27 11:57:00', NULL, NULL, 55),
(479, '2017-11-27 11:57:00', NULL, NULL, 60),
(480, '2017-11-27 11:57:00', NULL, NULL, 83),
(481, '2017-11-27 12:00:00', NULL, NULL, 68),
(482, '2017-11-27 12:04:00', NULL, NULL, 56),
(483, '2017-11-27 15:03:00', NULL, NULL, 51),
(484, '2017-11-27 15:47:00', NULL, NULL, 47),
(485, '2017-11-27 16:31:00', NULL, NULL, 59),
(486, '2017-11-27 16:48:00', NULL, NULL, 22),
(487, '2017-11-27 16:54:00', NULL, NULL, 32),
(488, '2017-11-27 17:00:00', NULL, NULL, 23),
(489, '2017-11-27 17:00:00', NULL, NULL, 21),
(490, '2017-11-27 17:00:00', NULL, NULL, 30),
(491, '2017-11-27 17:01:00', NULL, NULL, 50),
(492, '2017-11-27 17:05:00', NULL, NULL, 20),
(493, '2017-11-27 17:05:00', NULL, NULL, 48),
(494, '2017-11-27 17:11:00', NULL, NULL, 8),
(495, '2017-11-28 07:29:00', NULL, NULL, 80),
(496, '2017-11-28 07:36:00', '2017-11-28 15:01:00', NULL, 41),
(497, '2017-11-28 07:44:00', '2017-11-28 16:14:00', NULL, 16),
(498, '2017-11-28 07:45:00', '2017-11-28 17:03:00', '09:58:00', 57),
(499, '2017-11-28 07:45:00', '2017-11-28 07:45:00', '00:00:00', 31),
(500, '2017-11-28 07:46:00', NULL, NULL, 75),
(501, '2017-11-28 07:51:00', '2017-11-28 16:18:00', NULL, 65),
(502, '2017-11-28 07:52:00', NULL, NULL, 19),
(503, '2017-11-28 08:00:00', NULL, NULL, 5),
(504, '2017-11-28 08:02:00', '2017-11-28 17:00:00', NULL, 54),
(505, '2017-11-28 08:02:00', NULL, NULL, 29),
(506, '2017-11-28 08:30:00', NULL, NULL, 7),
(507, '2017-11-28 08:37:00', '2017-11-28 13:37:00', '05:00:00', 78),
(508, '2017-11-28 08:57:00', '2017-11-28 17:00:00', '08:43:00', 53),
(509, '2017-11-28 10:57:00', '2017-11-28 16:00:00', '05:43:00', 44),
(510, '2017-11-28 11:55:00', NULL, NULL, 68),
(511, '2017-11-28 11:56:00', '2017-11-28 12:57:00', '01:01:00', 64),
(512, '2017-11-28 11:56:00', NULL, NULL, 46),
(513, '2017-11-28 11:56:00', NULL, NULL, 55),
(514, '2017-11-28 11:57:00', NULL, NULL, 60),
(515, '2017-11-28 12:08:00', NULL, NULL, 56),
(516, '2017-11-28 12:12:00', NULL, NULL, 83),
(517, '2017-11-28 12:39:00', NULL, NULL, 31),
(518, '2017-11-28 15:01:00', NULL, NULL, 51),
(519, '2017-11-28 15:44:00', NULL, NULL, 47),
(520, '2017-11-28 15:57:00', NULL, NULL, 30),
(521, '2017-11-28 16:12:00', NULL, NULL, 64),
(522, '2017-11-28 16:21:00', NULL, NULL, 82),
(523, '2017-11-28 16:43:00', NULL, NULL, 59),
(524, '2017-11-28 16:59:00', NULL, NULL, 21),
(525, '2017-11-28 16:59:00', NULL, NULL, 48),
(526, '2017-11-28 16:59:00', NULL, NULL, 22),
(527, '2017-11-28 17:04:00', NULL, NULL, 50),
(528, '2017-11-28 17:21:00', NULL, NULL, 8),
(529, '2017-11-29 07:34:00', NULL, NULL, 61),
(530, '2017-11-29 07:40:00', NULL, NULL, 58),
(531, '2017-11-29 07:40:00', NULL, NULL, NULL),
(532, '2017-11-29 07:44:00', '2017-11-29 16:01:00', '08:57:00', 74),
(533, '2017-11-29 07:44:00', '2017-11-29 17:01:00', '09:57:00', 70),
(534, '2017-11-29 07:45:00', '2017-11-29 15:30:00', NULL, 82),
(535, '2017-11-29 07:46:00', '2017-11-29 15:02:00', '07:56:00', 36),
(536, '2017-11-29 07:46:00', '2017-11-29 15:02:00', '07:56:00', 41),
(537, '2017-11-29 07:49:00', NULL, NULL, 24),
(538, '2017-11-29 07:52:00', NULL, NULL, 38),
(539, '2017-11-29 07:53:00', '2017-11-29 17:04:00', '09:51:00', 17),
(540, '2017-11-29 07:53:00', '2017-11-29 17:00:00', '09:47:00', 54),
(541, '2017-11-29 07:53:00', '2017-11-29 16:00:00', '08:47:00', 44),
(542, '2017-11-29 07:53:00', NULL, NULL, 52),
(543, '2017-11-29 07:54:00', '2017-11-29 17:17:00', NULL, 65),
(544, '2017-11-29 07:56:00', '2017-11-29 17:01:00', '09:45:00', 12),
(545, '2017-11-29 07:57:00', '2017-11-29 09:17:00', NULL, 73),
(546, '2017-11-29 07:59:00', '2017-11-29 17:01:00', '09:42:00', 81),
(547, '2017-11-29 07:59:00', '2017-11-29 17:00:00', '09:41:00', 13),
(548, '2017-11-29 08:11:00', '2017-11-29 17:09:00', NULL, 57),
(549, '2017-11-29 08:53:00', '2017-11-29 15:52:00', NULL, 53),
(550, '2017-11-29 10:12:00', '2017-11-29 17:03:00', NULL, 77),
(551, '2017-11-29 11:56:00', NULL, NULL, 68),
(552, '2017-11-29 11:56:00', NULL, NULL, 46),
(553, '2017-11-29 11:59:00', NULL, NULL, 83),
(554, '2017-11-29 12:22:00', NULL, NULL, 56),
(555, '2017-11-29 13:00:00', '2017-11-29 17:17:00', '04:17:00', 1),
(556, '2017-11-29 14:01:00', NULL, NULL, 55),
(557, '2017-11-29 15:01:00', NULL, NULL, 51),
(558, '2017-11-29 15:48:00', NULL, NULL, 47),
(559, '2017-11-29 16:43:00', NULL, NULL, 59),
(560, '2017-11-29 17:00:00', NULL, NULL, 31),
(561, '2017-11-29 17:02:00', NULL, NULL, 48),
(562, '2017-11-29 17:14:00', NULL, NULL, 7),
(563, '2017-11-29 17:16:00', NULL, NULL, 20),
(564, '2017-11-30 07:36:00', NULL, NULL, 39),
(565, '2017-11-30 07:42:00', '2017-11-30 15:00:00', '07:58:00', 36),
(566, '2017-11-30 07:42:00', '2017-11-30 14:53:00', '07:11:00', 41),
(567, '2017-11-30 07:44:00', '2017-11-30 07:44:00', '00:00:00', 57),
(568, '2017-11-30 07:45:00', '2017-11-30 14:16:00', NULL, 70),
(569, '2017-11-30 07:48:00', '2017-11-30 16:05:00', '08:57:00', 82),
(570, '2017-11-30 07:51:00', '2017-11-30 16:59:00', '09:08:00', 74),
(571, '2017-11-30 07:51:00', '2017-11-30 15:51:00', '08:00:00', 17),
(572, '2017-11-30 07:51:00', NULL, NULL, 19),
(573, '2017-11-30 07:58:00', '2017-11-30 17:01:00', '09:43:00', 81),
(574, '2017-11-30 07:58:00', '2017-11-30 11:57:00', NULL, 12),
(575, '2017-11-30 07:59:00', NULL, NULL, 10),
(576, '2017-11-30 08:00:00', NULL, NULL, 13),
(577, '2017-11-30 08:01:00', NULL, NULL, 65),
(578, '2017-11-30 08:02:00', NULL, NULL, 1),
(579, '2017-11-30 08:02:00', NULL, NULL, 29),
(580, '2017-11-30 08:16:00', NULL, NULL, 8),
(581, '2017-11-30 08:32:00', '2017-11-30 11:02:00', NULL, 44),
(582, '2017-11-30 09:58:00', '2017-11-30 16:28:00', NULL, 53),
(583, '2017-11-30 10:04:00', NULL, NULL, NULL),
(584, '2017-11-30 10:05:00', NULL, NULL, NULL),
(585, '2017-11-30 10:47:00', '2017-11-30 11:57:00', '01:10:00', 83),
(586, '2017-11-30 11:54:00', NULL, NULL, 46),
(587, '2017-11-30 11:55:00', NULL, NULL, 38),
(588, '2017-11-30 11:56:00', NULL, NULL, 55),
(589, '2017-11-30 11:57:00', NULL, NULL, 60),
(590, '2017-11-30 12:11:00', NULL, NULL, 56),
(591, '2017-11-30 12:59:00', '2017-11-30 16:38:00', NULL, 85),
(592, '2017-11-30 13:43:00', '2017-11-30 17:00:00', '03:57:00', 78),
(593, '2017-11-30 15:02:00', NULL, NULL, 51),
(594, '2017-11-30 15:34:00', NULL, NULL, 50),
(595, '2017-11-30 15:45:00', NULL, NULL, 47),
(596, '2017-11-30 16:59:00', NULL, NULL, 21),
(597, '2017-11-30 17:00:00', NULL, NULL, 31),
(598, '2017-11-30 17:01:00', NULL, NULL, 24),
(599, '2017-11-30 17:04:00', NULL, NULL, 52),
(600, '2017-12-01 07:39:00', NULL, NULL, 58),
(601, '2017-12-01 07:46:00', '2017-12-01 16:30:00', NULL, 74),
(602, '2017-12-01 07:49:00', '2017-12-01 15:00:00', '07:51:00', 36),
(603, '2017-12-01 07:50:00', '2017-12-01 17:02:00', '09:52:00', 17),
(604, '2017-12-01 07:50:00', NULL, NULL, 70),
(605, '2017-12-01 07:53:00', NULL, NULL, 64),
(606, '2017-12-01 07:58:00', '2017-12-01 13:17:00', '05:59:00', 83),
(607, '2017-12-01 08:00:00', '2017-12-01 17:07:00', '09:07:00', 12),
(608, '2017-12-01 08:00:00', NULL, NULL, NULL),
(609, '2017-12-01 08:00:00', NULL, NULL, 80),
(610, '2017-12-01 08:01:00', '2017-12-01 15:59:00', '07:58:00', 44),
(611, '2017-12-01 08:03:00', '2017-12-01 12:01:00', NULL, 82),
(612, '2017-12-01 08:03:00', '2017-12-01 17:53:00', '09:50:00', 62),
(613, '2017-12-01 08:48:00', '2017-12-01 17:26:00', NULL, 71),
(614, '2017-12-01 09:12:00', '2017-12-01 17:29:00', '08:17:00', 59),
(615, '2017-12-01 10:14:00', '2017-12-01 17:01:00', NULL, 78),
(616, '2017-12-01 11:56:00', NULL, NULL, 55),
(617, '2017-12-01 11:57:00', NULL, NULL, 60),
(618, '2017-12-01 11:57:00', NULL, NULL, 32),
(619, '2017-12-01 11:57:00', NULL, NULL, 46),
(620, '2017-12-01 12:20:00', NULL, NULL, 56),
(621, '2017-12-01 13:14:00', '2017-12-01 16:59:00', '03:45:00', 81),
(622, '2017-12-01 14:56:00', NULL, NULL, 38),
(623, '2017-12-01 15:02:00', NULL, NULL, 51),
(624, '2017-12-01 16:55:00', NULL, NULL, 21),
(625, '2017-12-01 16:57:00', NULL, NULL, 30),
(626, '2017-12-01 16:59:00', NULL, NULL, 13),
(627, '2017-12-01 16:59:00', NULL, NULL, 65),
(628, '2017-12-01 16:59:00', NULL, NULL, 19),
(629, '2017-12-01 17:01:00', NULL, NULL, 31),
(630, '2017-12-01 17:06:00', NULL, NULL, 1),
(631, '2017-12-04 07:27:00', '2017-12-04 16:44:00', '09:17:00', 48),
(632, '2017-12-04 07:33:00', '2017-12-04 11:58:00', '04:25:00', 68),
(633, '2017-12-04 07:35:00', NULL, NULL, 9),
(634, '2017-12-04 07:36:00', NULL, NULL, NULL),
(635, '2017-12-04 07:47:00', '2017-12-04 07:47:00', '00:00:00', 76),
(636, '2017-12-04 07:48:00', '2017-12-04 11:59:00', '04:11:00', 83),
(637, '2017-12-04 07:56:00', '2017-12-04 17:00:00', '09:44:00', 54),
(638, '2017-12-04 07:56:00', NULL, NULL, 75),
(639, '2017-12-04 08:05:00', '2017-12-04 16:56:00', '08:51:00', 5),
(640, '2017-12-04 08:10:00', '2017-12-04 17:00:00', NULL, 78),
(641, '2017-12-04 09:29:00', '2017-12-04 15:01:00', NULL, 36),
(642, '2017-12-04 11:54:00', NULL, NULL, 46),
(643, '2017-12-04 11:56:00', NULL, NULL, 55),
(644, '2017-12-04 11:57:00', NULL, NULL, 60),
(645, '2017-12-04 14:55:00', NULL, NULL, 38),
(646, '2017-12-04 15:41:00', NULL, NULL, 30),
(647, '2017-12-04 15:45:00', NULL, NULL, 47),
(648, '2017-12-04 16:27:00', NULL, NULL, 61),
(649, '2017-12-04 16:44:00', NULL, NULL, 22),
(650, '2017-12-04 17:00:00', NULL, NULL, 20),
(651, '2017-12-04 17:00:00', NULL, NULL, 76),
(652, '2017-12-04 17:01:00', NULL, NULL, 21),
(653, '2017-12-04 17:01:00', '2017-12-04 17:01:00', '00:00:00', 23),
(654, '2017-12-04 17:01:00', NULL, NULL, 23),
(655, '2017-12-04 17:02:00', NULL, NULL, 51),
(656, '2017-12-04 17:08:00', NULL, NULL, 65),
(657, '2017-12-04 17:17:00', NULL, NULL, 29),
(658, '2017-12-05 07:13:00', '2017-12-05 16:52:00', '09:39:00', 80),
(659, '2017-12-05 07:34:00', '2017-12-05 16:57:00', '09:23:00', 48),
(660, '2017-12-05 07:36:00', '2017-12-05 12:13:00', NULL, 56),
(661, '2017-12-05 07:38:00', NULL, NULL, 59),
(662, '2017-12-05 07:38:00', '2017-12-05 12:00:00', NULL, 83),
(663, '2017-12-05 07:45:00', '2017-12-05 14:52:00', '07:07:00', 36),
(664, '2017-12-05 07:45:00', NULL, NULL, 41),
(665, '2017-12-05 07:46:00', '2017-12-05 07:46:00', '00:00:00', 68),
(666, '2017-12-05 07:58:00', '2017-12-05 16:23:00', NULL, 16),
(667, '2017-12-05 07:58:00', '2017-12-05 07:58:00', '00:00:00', 23),
(668, '2017-12-05 07:59:00', '2017-12-05 17:02:00', '09:43:00', 54),
(669, '2017-12-05 08:00:00', NULL, NULL, 5),
(670, '2017-12-05 08:27:00', '2017-12-05 16:56:00', '08:29:00', 7),
(671, '2017-12-05 09:41:00', '2017-12-05 17:04:00', NULL, 53),
(672, '2017-12-05 10:17:00', NULL, NULL, 60),
(673, '2017-12-05 11:13:00', '2017-12-05 16:00:00', NULL, 44),
(674, '2017-12-05 11:56:00', NULL, NULL, 55),
(675, '2017-12-05 11:57:00', NULL, NULL, 46),
(676, '2017-12-05 12:44:00', '2017-12-05 17:00:00', '04:56:00', 78),
(677, '2017-12-05 12:52:00', NULL, NULL, 31),
(678, '2017-12-05 13:45:00', '2017-12-05 16:03:00', '02:58:00', 45),
(679, '2017-12-05 15:57:00', NULL, NULL, 30),
(680, '2017-12-05 16:53:00', NULL, NULL, 47),
(681, '2017-12-05 16:57:00', NULL, NULL, 20),
(682, '2017-12-05 16:59:00', NULL, NULL, 21),
(683, '2017-12-05 16:59:00', NULL, NULL, 23),
(684, '2017-12-05 17:01:00', NULL, NULL, 51),
(685, '2017-12-05 17:01:00', NULL, NULL, 75),
(686, '2017-12-05 17:03:00', NULL, NULL, 19),
(687, '2017-12-05 17:04:00', NULL, NULL, 9),
(688, '2017-12-05 17:04:00', '2017-12-05 17:04:00', '00:00:00', 53),
(689, '2017-12-05 17:06:00', NULL, NULL, 65),
(690, '2017-12-05 17:06:00', NULL, NULL, 8),
(691, '2017-12-06 07:12:00', '2017-12-06 16:35:00', '09:23:00', 80),
(692, '2017-12-06 07:35:00', '2017-12-06 12:09:00', NULL, 56),
(693, '2017-12-06 07:45:00', '2017-12-06 17:00:00', '09:55:00', 74),
(694, '2017-12-06 07:46:00', '2017-12-06 07:46:00', '00:00:00', 76),
(695, '2017-12-06 07:48:00', NULL, NULL, 68),
(696, '2017-12-06 07:49:00', '2017-12-06 11:57:00', '04:08:00', 38),
(697, '2017-12-06 07:49:00', '2017-12-06 17:01:00', '09:52:00', 17),
(698, '2017-12-06 07:50:00', '2017-12-06 16:00:00', '08:50:00', 44),
(699, '2017-12-06 07:57:00', NULL, NULL, NULL),
(700, '2017-12-06 07:58:00', '2017-12-06 17:00:00', '09:42:00', 12),
(701, '2017-12-06 08:00:00', '2017-12-06 17:00:00', '09:00:00', 52),
(702, '2017-12-06 08:01:00', '2017-12-06 17:01:00', '09:00:00', 54),
(703, '2017-12-06 08:04:00', '2017-12-06 16:57:00', '08:53:00', 48),
(704, '2017-12-06 08:04:00', NULL, NULL, 62),
(705, '2017-12-06 08:20:00', '2017-12-06 16:53:00', '08:33:00', 7),
(706, '2017-12-06 08:22:00', NULL, NULL, 19),
(707, '2017-12-06 09:12:00', '2017-12-06 17:00:00', NULL, 53),
(708, '2017-12-06 10:09:00', '2017-12-06 15:08:00', NULL, 83),
(709, '2017-12-06 11:56:00', NULL, NULL, 60),
(710, '2017-12-06 11:56:00', NULL, NULL, 46),
(711, '2017-12-06 13:07:00', '2017-12-06 16:38:00', '03:31:00', 85),
(712, '2017-12-06 14:02:00', NULL, NULL, 55),
(713, '2017-12-06 15:50:00', NULL, NULL, 47),
(714, '2017-12-06 15:55:00', NULL, NULL, 59),
(715, '2017-12-06 16:33:00', NULL, NULL, 9),
(716, '2017-12-06 16:57:00', NULL, NULL, 20),
(717, '2017-12-06 17:00:00', NULL, NULL, 31),
(718, '2017-12-06 17:00:00', NULL, NULL, 76),
(719, '2017-12-06 17:01:00', NULL, NULL, 70),
(720, '2017-12-06 17:01:00', NULL, NULL, 51),
(721, '2017-12-06 17:01:00', NULL, NULL, 24),
(722, '2017-12-06 17:02:00', NULL, NULL, NULL),
(723, '2017-12-06 17:03:00', NULL, NULL, 8),
(724, '2017-12-06 17:07:00', NULL, NULL, 77),
(725, '2017-12-07 07:37:00', NULL, NULL, 48),
(726, '2017-12-07 07:40:00', NULL, NULL, 61),
(727, '2017-12-07 07:40:00', NULL, NULL, 56),
(728, '2017-12-07 07:40:00', NULL, NULL, 58),
(729, '2017-12-07 07:49:00', '2017-12-07 16:01:00', '08:52:00', 82),
(730, '2017-12-07 07:50:00', NULL, NULL, 83),
(731, '2017-12-07 07:52:00', '2017-12-07 17:01:00', '09:49:00', 74),
(732, '2017-12-07 07:57:00', '2017-12-07 17:02:00', '09:45:00', 12),
(733, '2017-12-07 07:57:00', '2017-12-07 15:52:00', NULL, 17),
(734, '2017-12-07 07:57:00', NULL, NULL, NULL),
(735, '2017-12-07 07:57:00', NULL, NULL, 80),
(736, '2017-12-07 07:59:00', '2017-12-07 16:59:00', '09:00:00', 52),
(737, '2017-12-07 08:04:00', '2017-12-07 17:25:00', '09:21:00', 29),
(738, '2017-12-07 08:29:00', '2017-12-07 15:59:00', '07:30:00', 44),
(739, '2017-12-07 08:31:00', '2017-12-07 17:34:00', '09:03:00', 1),
(740, '2017-12-07 08:37:00', NULL, NULL, 7),
(741, '2017-12-07 09:13:00', '2017-12-07 16:59:00', '07:46:00', 53),
(742, '2017-12-07 10:15:00', '2017-12-07 11:56:00', '01:41:00', 38),
(743, '2017-12-07 11:55:00', NULL, NULL, 46),
(744, '2017-12-07 11:56:00', NULL, NULL, 55),
(745, '2017-12-07 11:58:00', NULL, NULL, 60),
(746, '2017-12-07 11:58:00', NULL, NULL, 68),
(747, '2017-12-07 12:59:00', '2017-12-07 16:40:00', NULL, 85),
(748, '2017-12-07 13:13:00', '2017-12-07 17:00:00', NULL, 78),
(749, '2017-12-07 13:16:00', NULL, NULL, 59),
(750, '2017-12-07 15:52:00', NULL, NULL, 47),
(751, '2017-12-07 16:32:00', NULL, NULL, 50),
(752, '2017-12-07 16:58:00', NULL, NULL, 24),
(753, '2017-12-07 17:00:00', NULL, NULL, 23),
(754, '2017-12-07 17:00:00', NULL, NULL, 21),
(755, '2017-12-07 17:00:00', NULL, NULL, 31),
(756, '2017-12-07 17:01:00', NULL, NULL, 51),
(757, '2017-12-07 17:02:00', NULL, NULL, 70),
(758, '2017-12-07 17:22:00', NULL, NULL, 9),
(759, '2017-12-08 07:42:00', NULL, NULL, 81),
(760, '2017-12-08 07:47:00', '2017-12-08 11:55:00', '04:08:00', 38),
(761, '2017-12-08 07:53:00', '2017-12-08 15:03:00', '07:50:00', 17),
(762, '2017-12-08 07:53:00', '2017-12-08 11:56:00', '04:03:00', 82),
(763, '2017-12-08 07:54:00', '2017-12-08 16:00:00', '08:46:00', 44),
(764, '2017-12-08 07:54:00', NULL, NULL, 74),
(765, '2017-12-08 07:54:00', '2017-12-08 16:01:00', '08:47:00', 19),
(766, '2017-12-08 07:55:00', '2017-12-08 12:00:00', '04:45:00', 78),
(767, '2017-12-08 07:57:00', '2017-12-08 15:01:00', '07:44:00', 12),
(768, '2017-12-08 08:16:00', NULL, NULL, 64),
(769, '2017-12-08 08:25:00', NULL, NULL, 52),
(770, '2017-12-08 08:47:00', '2017-12-08 18:45:00', NULL, 1),
(771, '2017-12-08 09:04:00', '2017-12-08 15:00:00', NULL, 53),
(772, '2017-12-08 11:55:00', NULL, NULL, 68),
(773, '2017-12-08 11:56:00', NULL, NULL, 46),
(774, '2017-12-08 11:56:00', NULL, NULL, 55),
(775, '2017-12-08 11:57:00', NULL, NULL, 60),
(776, '2017-12-08 12:44:00', NULL, NULL, 83),
(777, '2017-12-08 15:01:00', NULL, NULL, 24),
(778, '2017-12-08 15:01:00', NULL, NULL, NULL),
(779, '2017-12-08 15:01:00', NULL, NULL, 47),
(780, '2017-12-08 15:27:00', NULL, NULL, 30),
(781, '2017-12-08 15:42:00', NULL, NULL, 48),
(782, '2017-12-08 16:21:00', NULL, NULL, 7),
(783, '2017-12-08 16:56:00', NULL, NULL, 23),
(784, '2017-12-08 16:56:00', NULL, NULL, 21),
(785, '2017-12-08 17:01:00', NULL, NULL, 51),
(786, '2017-12-08 18:45:00', NULL, NULL, 1),
(787, '2017-12-11 07:42:00', '2017-12-11 15:59:00', '08:17:00', 59),
(788, '2017-12-11 07:47:00', '2017-12-11 16:55:00', '09:08:00', 22),
(789, '2017-12-11 07:54:00', '2017-12-11 15:24:00', NULL, 82),
(790, '2017-12-11 07:55:00', '2017-12-11 17:02:00', '09:47:00', 19),
(791, '2017-12-11 07:59:00', '2017-12-11 17:00:00', '09:41:00', 54),
(792, '2017-12-11 08:03:00', NULL, NULL, 29),
(793, '2017-12-11 08:10:00', '2017-12-11 17:12:00', '09:02:00', 65),
(794, '2017-12-11 11:56:00', NULL, NULL, 46),
(795, '2017-12-11 11:56:00', NULL, NULL, 55),
(796, '2017-12-11 11:56:00', NULL, NULL, 68),
(797, '2017-12-11 11:58:00', NULL, NULL, 60),
(798, '2017-12-11 12:08:00', NULL, NULL, 83),
(799, '2017-12-11 12:52:00', '2017-12-11 16:42:00', NULL, 78),
(800, '2017-12-11 15:58:00', NULL, NULL, 47),
(801, '2017-12-11 16:08:00', NULL, NULL, 9),
(802, '2017-12-11 16:26:00', NULL, NULL, 61),
(803, '2017-12-11 16:57:00', NULL, NULL, 80),
(804, '2017-12-11 16:59:00', NULL, NULL, 21),
(805, '2017-12-11 17:01:00', NULL, NULL, 51),
(806, '2017-12-11 17:02:00', '2017-12-11 17:02:00', '00:00:00', 19),
(807, '2017-12-11 17:02:00', '2017-12-11 17:02:00', '00:00:00', 19),
(808, '2017-12-11 17:11:00', NULL, NULL, 64),
(809, '2017-12-11 17:19:00', NULL, NULL, 1),
(810, '2017-12-11 17:40:00', NULL, NULL, 8),
(811, '2017-12-12 07:33:00', '2017-12-12 07:33:00', '00:00:00', 48),
(812, '2017-12-12 07:42:00', '2017-12-12 16:16:00', NULL, 16),
(813, '2017-12-12 07:46:00', '2017-12-12 11:56:00', '04:10:00', 22),
(814, '2017-12-12 07:46:00', '2017-12-12 07:46:00', '00:00:00', 76),
(815, '2017-12-12 07:49:00', NULL, NULL, 38),
(816, '2017-12-12 07:51:00', '2017-12-12 16:58:00', '09:07:00', 19),
(817, '2017-12-12 07:55:00', '2017-12-12 16:55:00', '09:00:00', 54),
(818, '2017-12-12 07:58:00', NULL, NULL, 59),
(819, '2017-12-12 07:58:00', '2017-12-12 16:18:00', NULL, 82),
(820, '2017-12-12 07:59:00', '2017-12-12 17:08:00', '09:49:00', 62),
(821, '2017-12-12 07:59:00', '2017-12-12 07:59:00', '00:00:00', 10),
(822, '2017-12-12 07:59:00', NULL, NULL, 10),
(823, '2017-12-12 08:16:00', NULL, NULL, 65),
(824, '2017-12-12 09:30:00', '2017-12-12 09:30:00', '00:00:00', 23),
(825, '2017-12-12 11:01:00', '2017-12-12 16:01:00', '05:00:00', 44),
(826, '2017-12-12 11:55:00', NULL, NULL, 46),
(827, '2017-12-12 11:56:00', NULL, NULL, 41),
(828, '2017-12-12 12:00:00', NULL, NULL, 55),
(829, '2017-12-12 12:04:00', NULL, NULL, 83),
(830, '2017-12-12 13:35:00', NULL, NULL, 47),
(831, '2017-12-12 15:58:00', NULL, NULL, 30),
(832, '2017-12-12 16:55:00', NULL, NULL, 32),
(833, '2017-12-12 16:59:00', NULL, NULL, 23),
(834, '2017-12-12 16:59:00', NULL, NULL, 21),
(835, '2017-12-12 17:00:00', NULL, NULL, 20),
(836, '2017-12-12 17:00:00', NULL, NULL, 48),
(837, '2017-12-12 17:02:00', NULL, NULL, 51),
(838, '2017-12-12 17:10:00', NULL, NULL, 8),
(839, '2017-12-13 06:14:00', '2017-12-13 16:37:00', '10:23:00', 80),
(840, '2017-12-13 07:38:00', '2017-12-13 11:59:00', '04:21:00', 68),
(841, '2017-12-13 07:40:00', '2017-12-13 07:40:00', '00:00:00', 58),
(842, '2017-12-13 07:40:00', NULL, NULL, 58),
(843, '2017-12-13 07:44:00', '2017-12-13 14:47:00', '07:03:00', 82),
(844, '2017-12-13 07:45:00', '2017-12-13 17:01:00', '09:56:00', 31),
(845, '2017-12-13 07:46:00', '2017-12-13 17:01:00', '09:55:00', 22),
(846, '2017-12-13 07:51:00', NULL, NULL, 19),
(847, '2017-12-13 07:51:00', NULL, NULL, 70),
(848, '2017-12-13 07:52:00', NULL, NULL, 76),
(849, '2017-12-13 07:55:00', NULL, NULL, 9),
(850, '2017-12-13 07:55:00', '2017-12-13 17:20:00', NULL, 7),
(851, '2017-12-13 07:56:00', '2017-12-13 12:00:00', '04:44:00', 64),
(852, '2017-12-13 07:56:00', '2017-12-13 16:00:00', '08:44:00', 44),
(853, '2017-12-13 07:57:00', '2017-12-13 17:02:00', '09:45:00', 75),
(854, '2017-12-13 07:59:00', '2017-12-13 17:04:00', '09:45:00', 12),
(855, '2017-12-13 08:02:00', NULL, NULL, 62),
(856, '2017-12-13 08:02:00', NULL, NULL, 5),
(857, '2017-12-13 08:02:00', '2017-12-13 17:00:00', NULL, 54),
(858, '2017-12-13 11:59:00', NULL, NULL, 60),
(859, '2017-12-13 11:59:00', NULL, NULL, 46),
(860, '2017-12-13 12:08:00', NULL, NULL, 83),
(861, '2017-12-13 12:58:00', '2017-12-13 16:37:00', NULL, 85),
(862, '2017-12-13 14:01:00', NULL, NULL, 55),
(863, '2017-12-13 14:55:00', NULL, NULL, 38),
(864, '2017-12-13 15:00:00', NULL, NULL, 74),
(865, '2017-12-13 15:47:00', NULL, NULL, 47),
(866, '2017-12-13 16:25:00', NULL, NULL, 59),
(867, '2017-12-13 17:00:00', '2017-12-13 17:00:00', '00:00:00', 52),
(868, '2017-12-13 17:02:00', NULL, NULL, 20),
(869, '2017-12-13 17:02:00', NULL, NULL, 51),
(870, '2017-12-13 17:09:00', NULL, NULL, 65),
(871, '2017-12-13 17:11:00', NULL, NULL, 1),
(872, '2017-12-13 17:20:00', NULL, NULL, 8),
(873, '2017-12-14 07:35:00', '2017-12-14 12:00:00', NULL, 68),
(874, '2017-12-14 07:45:00', NULL, NULL, NULL),
(875, '2017-12-14 07:45:00', '2017-12-14 16:57:00', '09:12:00', 16),
(876, '2017-12-14 07:49:00', '2017-12-14 17:00:00', '09:51:00', 31),
(877, '2017-12-14 07:49:00', '2017-12-14 17:01:00', '09:52:00', 81),
(878, '2017-12-14 07:53:00', '2017-12-14 12:00:00', '04:47:00', 64),
(879, '2017-12-14 07:55:00', NULL, NULL, 52),
(880, '2017-12-14 07:55:00', NULL, NULL, 82),
(881, '2017-12-14 07:56:00', '2017-12-14 15:33:00', NULL, 12),
(882, '2017-12-14 07:56:00', '2017-12-14 17:28:00', NULL, 7),
(883, '2017-12-14 08:03:00', '2017-12-14 17:28:00', '09:25:00', 29),
(884, '2017-12-14 08:17:00', '2017-12-14 15:59:00', '07:42:00', 44),
(885, '2017-12-14 09:17:00', '2017-12-14 17:25:00', '08:08:00', 80),
(886, '2017-12-14 11:56:00', NULL, NULL, 55),
(887, '2017-12-14 11:57:00', NULL, NULL, 38),
(888, '2017-12-14 11:58:00', NULL, NULL, 60),
(889, '2017-12-14 11:59:00', NULL, NULL, 83),
(890, '2017-12-14 12:00:00', NULL, NULL, 46),
(891, '2017-12-14 13:11:00', '2017-12-14 17:00:00', NULL, 78),
(892, '2017-12-14 13:27:00', '2017-12-14 16:33:00', '03:06:00', 85),
(893, '2017-12-14 13:38:00', NULL, NULL, 47),
(894, '2017-12-14 15:28:00', NULL, NULL, 23),
(895, '2017-12-14 15:34:00', '2017-12-14 17:02:00', NULL, 12),
(896, '2017-12-14 16:31:00', NULL, NULL, 8),
(897, '2017-12-14 16:41:00', NULL, NULL, 50),
(898, '2017-12-14 16:47:00', NULL, NULL, 59),
(899, '2017-12-14 16:52:00', NULL, NULL, 48),
(900, '2017-12-14 16:53:00', NULL, NULL, 62),
(901, '2017-12-14 17:00:00', NULL, NULL, 74),
(902, '2017-12-14 17:01:00', NULL, NULL, 51),
(903, '2017-12-14 17:02:00', NULL, NULL, 70),
(904, '2017-12-14 17:12:00', NULL, NULL, 65),
(905, '2017-12-14 17:36:00', NULL, NULL, 1),
(906, '2017-12-15 07:40:00', NULL, NULL, 58),
(907, '2017-12-15 07:58:00', '2017-12-15 16:59:00', '09:01:00', 81),
(908, '2017-12-15 07:59:00', NULL, NULL, 12),
(909, '2017-12-15 08:00:00', '2017-12-15 13:59:00', '05:59:00', 44),
(910, '2017-12-15 08:04:00', NULL, NULL, 64),
(911, '2017-12-15 08:24:00', '2017-12-15 17:23:00', NULL, 7),
(912, '2017-12-15 09:10:00', '2017-12-15 17:01:00', NULL, 53),
(913, '2017-12-15 10:13:00', '2017-12-15 17:00:00', NULL, 78),
(914, '2017-12-15 11:51:00', NULL, NULL, 83),
(915, '2017-12-15 11:55:00', NULL, NULL, 32),
(916, '2017-12-15 11:56:00', NULL, NULL, 82),
(917, '2017-12-15 11:56:00', NULL, NULL, 55),
(918, '2017-12-15 11:57:00', NULL, NULL, 60),
(919, '2017-12-15 11:58:00', NULL, NULL, 38),
(920, '2017-12-15 11:59:00', NULL, NULL, 46),
(927, '2017-12-15 16:53:00', '2017-12-15 16:53:00', '00:00:00', 62),
(928, '2017-12-15 16:54:00', NULL, NULL, 59),
(929, '2017-12-15 16:57:00', NULL, NULL, 23),
(930, '2017-12-15 16:57:00', NULL, NULL, 21),
(931, '2017-12-15 16:59:00', NULL, NULL, 24),
(932, '2017-12-15 16:59:00', NULL, NULL, 81),
(933, '2017-12-15 17:00:00', NULL, NULL, 74),
(934, '2017-12-15 17:01:00', NULL, NULL, 30),
(935, '2017-12-15 17:01:00', NULL, NULL, 51),
(936, '2017-12-15 18:52:00', NULL, NULL, 1),
(937, '2017-12-18 07:41:00', '2017-12-18 12:04:00', NULL, 68),
(938, '2017-12-18 07:42:00', '2017-12-18 12:08:00', NULL, 56),
(939, '2017-12-18 07:46:00', '2017-12-18 16:58:00', '09:12:00', 80),
(940, '2017-12-18 07:49:00', '2017-12-18 16:57:00', '09:08:00', 22),
(941, '2017-12-18 07:52:00', '2017-12-18 17:01:00', '09:49:00', 75),
(942, '2017-12-18 07:55:00', '2017-12-18 16:52:00', NULL, 48),
(943, '2017-12-18 08:11:00', '2017-12-18 12:03:00', NULL, 33),
(944, '2017-12-18 08:14:00', '2017-12-18 17:01:00', NULL, 78),
(945, '2017-12-18 11:55:00', NULL, NULL, 60),
(946, '2017-12-18 11:57:00', NULL, NULL, 46),
(947, '2017-12-18 14:01:00', NULL, NULL, 55),
(948, '2017-12-18 15:22:00', NULL, NULL, 82),
(949, '2017-12-18 16:31:00', NULL, NULL, 61),
(950, '2017-12-18 16:52:00', NULL, NULL, 20),
(951, '2017-12-18 16:54:00', NULL, NULL, 38);
INSERT INTO `badging_time` (`ID_badging_time`, `badging_starttime`, `badging_endtime`, `soll_zeit`, `USER_FK`) VALUES
(952, '2017-12-18 16:55:00', NULL, NULL, 32),
(953, '2017-12-18 16:56:00', NULL, NULL, 64),
(954, '2017-12-18 16:58:00', NULL, NULL, 23),
(955, '2017-12-18 16:58:00', NULL, NULL, 21),
(956, '2017-12-18 17:01:00', NULL, NULL, 78),
(957, '2017-12-18 17:02:00', NULL, NULL, 76),
(958, '2017-12-18 17:02:00', NULL, NULL, 51),
(959, '2017-12-19 06:52:00', NULL, NULL, 80),
(960, '2017-12-19 07:33:00', '2017-12-19 11:58:00', '04:25:00', 68),
(961, '2017-12-19 07:33:00', '2017-12-19 16:52:00', '09:19:00', 48),
(962, '2017-12-19 07:35:00', '2017-12-19 12:11:00', NULL, 56),
(963, '2017-12-19 07:42:00', '2017-12-19 16:14:00', NULL, 16),
(964, '2017-12-19 07:45:00', '2017-12-19 16:55:00', '09:10:00', 22),
(965, '2017-12-19 07:48:00', '2017-12-19 07:48:00', '00:00:00', 31),
(966, '2017-12-19 07:49:00', '2017-12-19 12:01:00', '04:52:00', 31),
(967, '2017-12-19 07:55:00', '2017-12-19 16:11:00', '08:56:00', 62),
(968, '2017-12-19 07:56:00', '2017-12-19 17:00:00', '09:44:00', 19),
(969, '2017-12-19 07:57:00', '2017-12-19 12:14:00', '04:57:00', 83),
(970, '2017-12-19 07:57:00', '2017-12-19 11:59:00', '04:02:00', 33),
(971, '2017-12-19 07:58:00', '2017-12-19 15:43:00', NULL, 75),
(972, '2017-12-19 08:04:00', '2017-12-19 16:38:00', '08:34:00', 54),
(973, '2017-12-19 08:04:00', '2017-12-19 17:15:00', '09:11:00', 65),
(974, '2017-12-19 08:10:00', '2017-12-19 16:55:00', '08:45:00', 29),
(975, '2017-12-19 08:11:00', '2017-12-19 17:07:00', NULL, 8),
(976, '2017-12-19 09:00:00', '2017-12-19 17:07:00', '08:07:00', 7),
(977, '2017-12-19 11:05:00', '2017-12-19 16:02:00', NULL, 44),
(978, '2017-12-19 11:56:00', NULL, NULL, 46),
(979, '2017-12-19 14:01:00', NULL, NULL, 55),
(980, '2017-12-19 15:43:00', NULL, NULL, 60),
(981, '2017-12-19 16:07:00', NULL, NULL, 82),
(982, '2017-12-19 16:13:00', NULL, NULL, 64),
(983, '2017-12-19 16:53:00', NULL, NULL, 20),
(984, '2017-12-19 16:57:00', NULL, NULL, 21),
(985, '2017-12-19 16:57:00', NULL, NULL, 23),
(986, '2017-12-19 17:00:00', NULL, NULL, NULL),
(987, '2017-12-19 17:02:00', NULL, NULL, 51),
(988, '2017-12-19 17:04:00', NULL, NULL, 78),
(989, '2017-12-20 07:28:00', '2017-12-20 16:45:00', '09:17:00', 48),
(990, '2017-12-20 07:35:00', '2017-12-20 12:09:00', NULL, 56),
(991, '2017-12-20 07:42:00', NULL, NULL, NULL),
(992, '2017-12-20 07:42:00', '2017-12-20 14:57:00', '07:15:00', 16),
(993, '2017-12-20 07:45:00', '2017-12-20 16:45:00', '09:00:00', 22),
(994, '2017-12-20 07:48:00', '2017-12-20 11:59:00', '04:11:00', 33),
(995, '2017-12-20 07:48:00', NULL, NULL, 31),
(996, '2017-12-20 07:48:00', NULL, NULL, 76),
(997, '2017-12-20 07:49:00', '2017-12-20 17:01:00', '09:52:00', 9),
(998, '2017-12-20 07:52:00', '2017-12-20 16:59:00', '09:07:00', 74),
(999, '2017-12-20 07:52:00', '2017-12-20 17:23:00', NULL, 8),
(1000, '2017-12-20 07:52:00', '2017-12-20 17:09:00', '09:57:00', 62),
(1001, '2017-12-20 07:54:00', '2017-12-20 14:59:00', '07:05:00', 44),
(1002, '2017-12-20 07:56:00', NULL, NULL, 52),
(1003, '2017-12-20 07:56:00', NULL, NULL, 19),
(1004, '2017-12-20 07:56:00', '2017-12-20 16:28:00', NULL, 54),
(1005, '2017-12-20 08:00:00', '2017-12-20 17:01:00', '09:01:00', 65),
(1006, '2017-12-20 08:01:00', '2017-12-20 08:01:00', '00:00:00', 10),
(1007, '2017-12-20 08:01:00', NULL, NULL, 10),
(1008, '2017-12-20 08:32:00', '2017-12-20 17:23:00', NULL, 7),
(1009, '2017-12-20 09:08:00', NULL, NULL, 77),
(1010, '2017-12-20 10:03:00', '2017-12-20 15:14:00', '05:11:00', 83),
(1011, '2017-12-20 11:58:00', NULL, NULL, 60),
(1012, '2017-12-20 11:58:00', NULL, NULL, 46),
(1013, '2017-12-20 12:03:00', NULL, NULL, 64),
(1014, '2017-12-20 13:30:00', '2017-12-20 16:39:00', '03:09:00', 85),
(1015, '2017-12-20 14:01:00', NULL, NULL, 55),
(1016, '2017-12-20 14:37:00', NULL, NULL, 38),
(1017, '2017-12-20 14:46:00', NULL, NULL, 82),
(1018, '2017-12-20 16:45:00', NULL, NULL, 24),
(1019, '2017-12-20 17:02:00', NULL, NULL, 80),
(1020, '2017-12-20 17:03:00', NULL, NULL, 51),
(1021, '2017-12-20 17:19:00', NULL, NULL, 29),
(1022, '2017-12-21 07:36:00', '2017-12-21 12:07:00', NULL, 56),
(1023, '2017-12-21 07:37:00', '2017-12-21 07:37:00', '00:00:00', 68),
(1024, '2017-12-21 07:37:00', '2017-12-21 07:37:00', '00:00:00', 68),
(1025, '2017-12-21 07:37:00', NULL, NULL, 68),
(1026, '2017-12-21 07:44:00', NULL, NULL, 48),
(1027, '2017-12-21 07:51:00', NULL, NULL, 58),
(1028, '2017-12-21 07:51:00', '2017-12-21 12:17:00', NULL, 33),
(1029, '2017-12-21 07:53:00', NULL, NULL, 7),
(1030, '2017-12-21 07:55:00', NULL, NULL, 74),
(1031, '2017-12-21 07:55:00', '2017-12-21 11:57:00', '04:02:00', 83),
(1032, '2017-12-21 07:56:00', NULL, NULL, 44),
(1033, '2017-12-21 07:56:00', NULL, NULL, 12),
(1034, '2017-12-21 07:59:00', NULL, NULL, 16),
(1035, '2017-12-21 08:07:00', NULL, NULL, 8),
(1036, '2017-12-21 08:12:00', NULL, NULL, 62),
(1037, '2017-12-21 09:01:00', NULL, NULL, 9),
(1038, '2017-12-21 11:47:00', NULL, NULL, 60),
(1039, '2017-12-21 11:47:00', NULL, NULL, 38),
(1040, '2017-12-21 11:56:00', NULL, NULL, 55),
(1041, '2017-12-21 12:04:00', NULL, NULL, 46),
(1042, '2017-12-21 12:58:00', NULL, NULL, 85),
(1043, '2017-12-21 15:00:00', NULL, NULL, 50),
(1044, '2017-12-21 15:58:00', NULL, NULL, 44),
(1045, '2017-12-21 16:02:00', NULL, NULL, 82),
(1046, '2017-12-21 16:02:00', NULL, NULL, NULL),
(1047, '2017-12-21 16:03:00', NULL, NULL, 10),
(1048, '2017-12-21 16:44:00', NULL, NULL, 85),
(1049, '2017-12-21 16:52:00', NULL, NULL, 48),
(1050, '2017-12-21 16:59:00', NULL, NULL, 74),
(1051, '2017-12-21 17:00:00', NULL, NULL, 16),
(1052, '2017-12-21 17:01:00', NULL, NULL, 52),
(1053, '2017-12-21 17:01:00', NULL, NULL, 24),
(1054, '2017-12-21 17:02:00', NULL, NULL, 51),
(1055, '2017-12-21 17:02:00', NULL, NULL, 12),
(1056, '2017-12-21 17:02:00', NULL, NULL, 78),
(1057, '2017-12-21 17:02:00', NULL, NULL, 31),
(1058, '2017-12-21 17:04:00', NULL, NULL, 62),
(1059, '2017-12-21 17:04:00', NULL, NULL, 7),
(1060, '2017-12-21 17:04:00', NULL, NULL, 29),
(1061, '2017-12-21 17:09:00', NULL, NULL, 9),
(1062, '2017-12-21 17:16:00', NULL, NULL, 80),
(1063, '2017-12-22 07:35:00', '2017-12-22 12:12:00', NULL, 56),
(1064, '2017-12-22 07:40:00', '2017-12-22 11:59:00', '04:19:00', 55),
(1065, '2017-12-22 07:45:00', '2017-12-22 11:56:00', '04:11:00', 38),
(1066, '2017-12-22 07:46:00', NULL, NULL, 70),
(1067, '2017-12-22 07:50:00', '2017-12-22 16:50:00', '09:00:00', 21),
(1068, '2017-12-22 07:50:00', '2017-12-22 11:58:00', '04:08:00', 46),
(1069, '2017-12-22 07:51:00', NULL, NULL, 58),
(1070, '2017-12-22 07:52:00', NULL, NULL, 83),
(1071, '2017-12-22 07:53:00', '2017-12-22 17:11:00', '09:58:00', 64),
(1072, '2017-12-22 07:55:00', NULL, NULL, 19),
(1073, '2017-12-22 07:55:00', '2017-12-22 16:50:00', NULL, 23),
(1074, '2017-12-22 07:58:00', '2017-12-22 11:16:00', '03:58:00', 33),
(1075, '2017-12-22 08:00:00', '2017-12-22 11:53:00', '03:53:00', 32),
(1076, '2017-12-22 08:00:00', '2017-12-22 11:56:00', '03:56:00', 60),
(1077, '2017-12-22 09:29:00', '2017-12-22 17:08:00', NULL, 65),
(1078, '2017-12-22 12:44:00', NULL, NULL, 82),
(1079, '2017-12-22 12:45:00', '2017-12-22 17:00:00', '04:55:00', 81),
(1080, '2017-12-22 14:40:00', '2017-12-22 17:00:00', NULL, 12),
(1081, '2017-12-22 15:54:00', NULL, NULL, 48),
(1082, '2017-12-22 15:54:00', NULL, NULL, 44),
(1083, '2017-12-22 16:42:00', NULL, NULL, 78),
(1084, '2017-12-22 16:44:00', NULL, NULL, 51),
(1085, '2017-12-22 16:56:00', NULL, NULL, 52),
(1086, '2017-12-22 17:00:00', NULL, NULL, 80),
(1087, '2017-12-22 17:00:00', NULL, NULL, 24),
(1088, '2017-12-22 17:17:00', NULL, NULL, 7);

-- --------------------------------------------------------

--
-- Tabellenstruktur für Tabelle `badging_user`
--

CREATE TABLE IF NOT EXISTS `badging_user` (
`ID_USER` int(11) NOT NULL,
  `Vorname` varchar(255) CHARACTER SET latin1 DEFAULT NULL,
  `Nachname` varchar(255) CHARACTER SET latin1 DEFAULT NULL,
  `abteilung_fk` int(11) DEFAULT NULL,
  `position_fk` int(11) DEFAULT NULL
) ENGINE=InnoDB AUTO_INCREMENT=120 DEFAULT CHARSET=utf8 COLLATE=utf8_unicode_ci;

--
-- Daten für Tabelle `badging_user`
--

INSERT INTO `badging_user` (`ID_USER`, `Vorname`, `Nachname`, `abteilung_fk`, `position_fk`) VALUES
(1, 'Andreas', 'Kienast', NULL, 8),
(2, 'Kyra', 'Baldegger', NULL, NULL),
(3, '(Missing)_1', '(Missing)_1', NULL, NULL),
(4, '(Missing)_2', '(Missing)_2', NULL, NULL),
(5, 'Matthias', 'Felix', 4, 8),
(6, '(Missing)_3', '(Missing)_3', NULL, NULL),
(7, 'Tanja', 'Fux', NULL, 8),
(8, 'Sandra', 'Oberli', NULL, 8),
(9, 'Reto', 'Baudenbacher', NULL, 8),
(10, 'Valentin', 'Küng', NULL, NULL),
(11, '(Missing)_4', '(Missing)_4', NULL, NULL),
(12, 'Pablo', 'Hauser', NULL, 1),
(13, 'Julia', 'Sporis', NULL, 2),
(14, '(Missing)_5', '(Missing)_5', NULL, NULL),
(15, 'Daniel', 'Busato', NULL, 1),
(16, 'Jovan', 'B?hler', NULL, 1),
(17, '_Daniel', '_Busato', NULL, 1),
(18, 'Alessandro', 'Di Maria', NULL, 1),
(19, 'Timo', 'Hirsch-Hoffmann', NULL, NULL),
(20, 'Samir', 'Elahi', 4, NULL),
(21, 'Jonathan', 'H?hlen', NULL, NULL),
(22, 'Redon', 'Hoxha', NULL, NULL),
(23, 'Oliver', 'Kreis', NULL, NULL),
(24, 'Adam', 'Meyer', NULL, NULL),
(25, 'Milosav', 'Radovic', NULL, NULL),
(26, 'Thuvaragan', 'Thuraisingham', NULL, NULL),
(27, 'Roberto', 'Volonte', NULL, 1),
(28, 'Severin', 'Zeindler', NULL, 1),
(29, 'Lars', 'Zweifel', NULL, 1),
(30, 'Lucienne', 'Aellig', NULL, NULL),
(31, 'Julia', 'Dos Santos', NULL, NULL),
(32, 'Viola', 'Tarnutzer', NULL, NULL),
(33, 'Silvia', 'B?hler', NULL, NULL),
(34, 'Alexander', 'B?tikofer', NULL, NULL),
(35, 'Sandra', 'Dinkel', NULL, NULL),
(36, 'Sonja', 'Hofmann', NULL, NULL),
(37, 'Florian', 'M?ller', NULL, NULL),
(38, 'Aesch', 'Von', NULL, NULL),
(39, 'Andreas', 'Kern', NULL, NULL),
(40, 'Test-Badge', 'Test-Badge', NULL, NULL),
(41, 'Laura', 'Stutz', NULL, NULL),
(42, '(Missing)_6', '(Missing)_6', NULL, NULL),
(43, 'Nicole', 'Vollmer', NULL, NULL),
(44, 'Vassilios', 'Vellis', NULL, NULL),
(45, 'Massimo', 'Di Bello', NULL, NULL),
(46, 'Gianmarco', 'Calleri', NULL, NULL),
(47, 'Aljoscha', 'Tr?ster', NULL, NULL),
(48, 'Jan', 'Zogg', NULL, NULL),
(49, 'Peter', 'Fehr', NULL, NULL),
(50, 'Lukas', 'Berli', NULL, 2),
(51, 'Michael', 'Hänni', NULL, NULL),
(52, 'Admin-kv', 'Admin-kv', NULL, NULL),
(53, 'Jari', 'Bruppacher', NULL, 2),
(54, 'Marko', 'Boltizar', NULL, 2),
(55, 'Sergey', 'Solomenniy', NULL, NULL),
(56, '(open)_2', '(open)_2', NULL, NULL),
(57, 'Karin', 'Sorgen', NULL, NULL),
(58, 'Muriel', 'Fischer', NULL, 4),
(59, 'Manuela', 'Frei', NULL, NULL),
(60, 'Chiara', 'Locatelli', NULL, NULL),
(61, 'Anette', 'Studer', NULL, NULL),
(62, 'Jolanda', 'Dietiker', NULL, NULL),
(63, '(open)_23', '(open)_23', NULL, NULL),
(64, 'Agnes', 'Fischer', NULL, NULL),
(65, 'Ruth', 'Busenhart', NULL, NULL),
(66, '(open)_13', '(open)_13', NULL, NULL),
(67, 'Faris', 'Alicusic', NULL, NULL),
(68, 'Christine', 'Weber', NULL, NULL),
(69, 'Christian', 'Sch?nzle', NULL, NULL),
(70, 'Jan', 'Amstad', NULL, NULL),
(71, 'Badge072', 'Badge071', NULL, NULL),
(72, 'Patricia', 'Da Rugna', NULL, NULL),
(73, 'Filip', 'Andric', NULL, NULL),
(74, 'Celine', 'Karrer', NULL, NULL),
(75, 'Deborah', 'Gallina', NULL, NULL),
(76, 'Yue', 'Lu', NULL, NULL),
(77, 'Nathanael', 'Meier', NULL, NULL),
(78, 'Jessica', 'Fedrizzi', NULL, NULL),
(79, 'Dylen', 'Yamak', NULL, NULL),
(80, 'Peter', 'Loth', 4, 13),
(81, '(open)_10', '(open)_10', NULL, NULL),
(82, 'Isabella', 'B?eler', NULL, NULL),
(83, 'Christian', 'Blaser', NULL, NULL),
(84, '(open)_15', '(open)_15', NULL, NULL),
(85, '(open)_30', '(open)_30', NULL, NULL),
(86, '(open)_4', '(open)_4', NULL, NULL),
(87, '(open)_24', '(open)_24', NULL, 6),
(89, '(open)_29', '(open)_29', NULL, NULL),
(90, '(open)_11', '(open)_11', NULL, NULL),
(92, '(open)_7', '(open)_7', 4, 1),
(93, '(open)_5', '(open)_5', NULL, 8),
(94, '(open)_19', '(open)_19', NULL, NULL),
(95, '(open)_21', '(open)_21', NULL, NULL),
(96, '(open)_17', '(open)_17', NULL, NULL),
(97, '(open)_8', '(open)_8', NULL, NULL),
(98, '(open)_27', '(open)_27', NULL, NULL),
(99, 'EndScript', 'Badge', NULL, NULL),
(100, 'ShutDown', 'Badge', NULL, NULL);

-- --------------------------------------------------------

--
-- Tabellenstruktur für Tabelle `email_adressen`
--

CREATE TABLE IF NOT EXISTS `email_adressen` (
`ID_email` int(11) NOT NULL,
  `emailadresse` varchar(255) CHARACTER SET latin1 DEFAULT NULL
) ENGINE=InnoDB AUTO_INCREMENT=5 DEFAULT CHARSET=utf8 COLLATE=utf8_unicode_ci;

--
-- Daten für Tabelle `email_adressen`
--

INSERT INTO `email_adressen` (`ID_email`, `emailadresse`) VALUES
(3, NULL);

-- --------------------------------------------------------

--
-- Tabellenstruktur für Tabelle `email_uid`
--

CREATE TABLE IF NOT EXISTS `email_uid` (
`ID_emails` int(11) NOT NULL,
  `user_fk` int(11) DEFAULT NULL,
  `emailadressen_fk` int(11) DEFAULT NULL
) ENGINE=InnoDB AUTO_INCREMENT=117 DEFAULT CHARSET=utf8 COLLATE=utf8_unicode_ci;

--
-- Daten für Tabelle `email_uid`
--

INSERT INTO `email_uid` (`ID_emails`, `user_fk`, `emailadressen_fk`) VALUES
(1, 1, NULL),
(2, 2, NULL),
(3, 3, NULL),
(4, 4, NULL),
(5, 5, NULL),
(6, 6, NULL),
(7, 7, NULL),
(8, 8, NULL),
(9, 9, NULL),
(10, 10, NULL),
(11, 11, NULL),
(12, 12, NULL),
(13, 13, NULL),
(14, 14, NULL),
(15, 15, NULL),
(16, 16, NULL),
(17, 17, NULL),
(18, 18, NULL),
(19, 19, NULL),
(20, 20, NULL),
(21, 21, NULL),
(22, 22, NULL),
(23, 23, NULL),
(24, 24, NULL),
(25, 25, NULL),
(26, 26, NULL),
(27, 27, NULL),
(28, 28, NULL),
(29, 29, NULL),
(30, 30, NULL),
(31, 31, NULL),
(32, 32, NULL),
(33, 33, NULL),
(34, 34, NULL),
(35, 35, NULL),
(36, 36, NULL),
(37, 37, NULL),
(38, 38, NULL),
(39, 39, NULL),
(40, 40, NULL),
(41, 41, NULL),
(42, 42, NULL),
(43, 43, NULL),
(44, 44, NULL),
(45, 45, NULL),
(46, 46, NULL),
(47, 47, NULL),
(48, 48, NULL),
(49, 49, NULL),
(50, 50, NULL),
(51, 51, NULL),
(52, 52, NULL),
(53, 53, NULL),
(54, 54, NULL),
(55, 55, NULL),
(56, 56, NULL),
(57, 57, NULL),
(58, 58, NULL),
(59, 59, NULL),
(60, 60, NULL),
(61, 61, NULL),
(62, 62, NULL),
(63, 63, NULL),
(64, 64, NULL),
(65, 65, NULL),
(66, 66, NULL),
(67, 67, NULL),
(68, 68, NULL),
(69, 69, NULL),
(70, 70, NULL),
(71, 71, NULL),
(72, 72, NULL),
(73, 73, NULL),
(74, 74, NULL),
(75, 75, NULL),
(76, 76, NULL),
(77, 77, NULL),
(78, 78, NULL),
(79, 79, NULL),
(80, 80, NULL),
(81, 81, NULL),
(82, 82, NULL),
(83, 83, NULL),
(84, 84, NULL),
(85, 85, NULL),
(86, 86, NULL),
(87, 87, NULL),
(89, 89, NULL),
(90, 90, NULL),
(92, 92, NULL),
(93, 93, NULL),
(94, 94, NULL),
(95, 95, NULL),
(96, 96, NULL),
(97, 97, NULL),
(98, 98, NULL),
(99, 99, NULL),
(100, 100, NULL);

-- --------------------------------------------------------

--
-- Tabellenstruktur für Tabelle `tag`
--

CREATE TABLE IF NOT EXISTS `tag` (
`idperson` int(11) NOT NULL,
  `datum` date NOT NULL,
  `grund` varchar(8) CHARACTER SET latin1 DEFAULT NULL,
  `user_fk` int(11) DEFAULT NULL
) ENGINE=InnoDB DEFAULT CHARSET=utf8 COLLATE=utf8_unicode_ci;

-- --------------------------------------------------------

--
-- Tabellenstruktur für Tabelle `uid_user`
--

CREATE TABLE IF NOT EXISTS `uid_user` (
`ID_UID_USER` int(11) NOT NULL,
  `UID_Badge` varchar(255) CHARACTER SET latin1 DEFAULT NULL,
  `USER_Badge_fk` int(11) DEFAULT NULL
) ENGINE=InnoDB AUTO_INCREMENT=120 DEFAULT CHARSET=utf8 COLLATE=utf8_unicode_ci;

--
-- Daten für Tabelle `uid_user`
--

INSERT INTO `uid_user` (`ID_UID_USER`, `UID_Badge`, `USER_Badge_fk`) VALUES
(1, '045C94B2194D80', 1),
(2, '04451D9A904C80', 2),
(3, '04A01B9A904C80', 3),
(4, '04F22F9A904C80', 4),
(5, '04A1339A904C80', 5),
(6, '045863B2194D80', 6),
(7, '0492149A904C80', 7),
(8, '04AF2F9A904C80', 8),
(9, '046B0B9A904C80', 9),
(10, '04D0179A904C80', 10),
(11, '04B12F9A904C80', 11),
(12, '045E8DB2194D80', 12),
(13, '04C2309A904C80', 13),
(14, '0451AEB2194D80', 14),
(15, '049D1E9A904C80', 15),
(16, '04AF0F9A904C80', 16),
(17, '045E20B2194D80', 17),
(18, '04AA0E9A904C80', 18),
(19, '049C099A904C80', 19),
(20, '0496209A904C80', 20),
(21, '044E189A904C80', 21),
(22, '04C9209A904C80', 22),
(23, '04CB139A904C80', 23),
(24, '046D109A904C80', 24),
(25, '047F149A904C80', 25),
(26, '04832F9A904C80', 26),
(27, '04AD139A904C80', 27),
(28, '048B2A9A904C80', 28),
(29, '04BF239A904C80', 29),
(30, '048E1A9A904C80', 30),
(31, '04851A9A904C80', 31),
(32, '04D6299A904C80', 32),
(33, '0480309A904C80', 33),
(34, '04DE239A904C80', 34),
(35, '04E72D9A904C80', 35),
(36, '04A3079A904C80', 36),
(37, '044B229A904C80', 37),
(38, '048B299A904C80', 38),
(39, '04A0349A904C80', 39),
(40, '234dsafsadf1123', 40),
(41, '04432F9A904C80', 41),
(42, '047F159A904C80', 42),
(43, '04B2169A904C80', 43),
(44, '0457BBB2194D80', 44),
(45, '04CD2F9A904C80', 45),
(46, '0455BAB2194D80', 46),
(47, '045E1F9A904C80', 47),
(48, '047F2B9A904C80', 48),
(49, '04BF239A904C80-', 49),
(50, '0491089A904C80', 50),
(51, '047B239A904C80', 51),
(52, '04BA299A904C80', 52),
(53, '04CE1F9A904C80', 53),
(54, '0459D3B2194D80', 54),
(55, '045EF1B2194D80', 55),
(56, '049F2C9A904C80', 56),
(57, '04870A9A904C80', 57),
(58, '045BF7B2194D80', 58),
(59, '0435299A904C80', 59),
(60, '0447339A904C80', 60),
(61, '049D209A904C80', 61),
(62, '045819B2194D80', 62),
(63, '049F0B9A904C80', 63),
(64, '045803B2194D84', 64),
(65, '046C209A904C80', 65),
(66, '04B0349A904C80', 66),
(67, '04D2219A904C80', 67),
(68, '04E22C9A904C80', 68),
(69, '0455179A904C80', 69),
(70, '0451E9B2194D80', 70),
(71, '04EC2B9A904C80', 71),
(72, '0459F0B2194D80', 72),
(73, '0453CDB2194D80', 73),
(74, '048E079A904C80', 74),
(75, '04B1099A904C80', 75),
(76, '046C2D9A904C80', 76),
(77, '04730E9A904C80', 77),
(78, '047C159A904C80', 78),
(79, '045B219A904C80', 79),
(80, '046160B2194D80', 80),
(81, '043A309A904C80', 81),
(82, '0489119A904C80', 82),
(83, '0462189A904C80', 83),
(84, '04A1069A904C80', 84),
(85, '0472209A904C80', 85),
(86, '04C4309A904C80', 86),
(87, '047B1A9A904C80', 87),
(89, '04840E9A904C80', 89),
(90, '049F2A9A904C80', 90),
(92, '04DE299A904C80', 92),
(93, '04732B9A904C80', 93),
(94, '04B01F9A904C80', 94),
(95, '04992D9A904C80', 95),
(96, '0473239A904C80', 96),
(97, '0480299A904C80', 97),
(98, '04B4159A904C80', 98),
(99, '04CF2D9A904C80', 99),
(100, '04532A9A904C80', 100),
(104, '1234', 104),
(114, '''23asad23''', 114);

--
-- Indizes der exportierten Tabellen
--

--
-- Indizes für die Tabelle `badging_abteilung`
--
ALTER TABLE `badging_abteilung`
 ADD PRIMARY KEY (`ID_abteilung`), ADD UNIQUE KEY `Abteilung` (`Abteilung`);

--
-- Indizes für die Tabelle `badging_admin`
--
ALTER TABLE `badging_admin`
 ADD PRIMARY KEY (`ID_ADMIN`), ADD UNIQUE KEY `Benutzername` (`Benutzername`);

--
-- Indizes für die Tabelle `badging_position`
--
ALTER TABLE `badging_position`
 ADD PRIMARY KEY (`ID_position`), ADD UNIQUE KEY `Position` (`Position`);

--
-- Indizes für die Tabelle `badging_time`
--
ALTER TABLE `badging_time`
 ADD PRIMARY KEY (`ID_badging_time`), ADD KEY `index_user` (`USER_FK`);

--
-- Indizes für die Tabelle `badging_user`
--
ALTER TABLE `badging_user`
 ADD PRIMARY KEY (`ID_USER`), ADD UNIQUE KEY `unique_names` (`Vorname`,`Nachname`), ADD KEY `user_and_position` (`position_fk`), ADD KEY `index_user` (`abteilung_fk`,`position_fk`);

--
-- Indizes für die Tabelle `email_adressen`
--
ALTER TABLE `email_adressen`
 ADD PRIMARY KEY (`ID_email`), ADD UNIQUE KEY `emailadresse` (`emailadresse`);

--
-- Indizes für die Tabelle `email_uid`
--
ALTER TABLE `email_uid`
 ADD PRIMARY KEY (`ID_emails`), ADD KEY `user_and_vorgesetzte` (`user_fk`), ADD KEY `email_uid` (`emailadressen_fk`);

--
-- Indizes für die Tabelle `tag`
--
ALTER TABLE `tag`
 ADD PRIMARY KEY (`idperson`), ADD KEY `uid_and_holiday` (`user_fk`);

--
-- Indizes für die Tabelle `uid_user`
--
ALTER TABLE `uid_user`
 ADD PRIMARY KEY (`ID_UID_USER`), ADD UNIQUE KEY `UID_Badge` (`UID_Badge`), ADD UNIQUE KEY `USER_Badge_fk` (`USER_Badge_fk`), ADD KEY `index_user` (`ID_UID_USER`);

--
-- AUTO_INCREMENT für exportierte Tabellen
--

--
-- AUTO_INCREMENT für Tabelle `badging_abteilung`
--
ALTER TABLE `badging_abteilung`
MODIFY `ID_abteilung` int(11) NOT NULL AUTO_INCREMENT,AUTO_INCREMENT=6;
--
-- AUTO_INCREMENT für Tabelle `badging_admin`
--
ALTER TABLE `badging_admin`
MODIFY `ID_ADMIN` int(11) NOT NULL AUTO_INCREMENT,AUTO_INCREMENT=4;
--
-- AUTO_INCREMENT für Tabelle `badging_position`
--
ALTER TABLE `badging_position`
MODIFY `ID_position` int(11) NOT NULL AUTO_INCREMENT,AUTO_INCREMENT=17;
--
-- AUTO_INCREMENT für Tabelle `badging_time`
--
ALTER TABLE `badging_time`
MODIFY `ID_badging_time` int(11) NOT NULL AUTO_INCREMENT,AUTO_INCREMENT=1089;
--
-- AUTO_INCREMENT für Tabelle `badging_user`
--
ALTER TABLE `badging_user`
MODIFY `ID_USER` int(11) NOT NULL AUTO_INCREMENT,AUTO_INCREMENT=120;
--
-- AUTO_INCREMENT für Tabelle `email_adressen`
--
ALTER TABLE `email_adressen`
MODIFY `ID_email` int(11) NOT NULL AUTO_INCREMENT,AUTO_INCREMENT=5;
--
-- AUTO_INCREMENT für Tabelle `email_uid`
--
ALTER TABLE `email_uid`
MODIFY `ID_emails` int(11) NOT NULL AUTO_INCREMENT,AUTO_INCREMENT=117;
--
-- AUTO_INCREMENT für Tabelle `tag`
--
ALTER TABLE `tag`
MODIFY `idperson` int(11) NOT NULL AUTO_INCREMENT;
--
-- AUTO_INCREMENT für Tabelle `uid_user`
--
ALTER TABLE `uid_user`
MODIFY `ID_UID_USER` int(11) NOT NULL AUTO_INCREMENT,AUTO_INCREMENT=120;
--
-- Constraints der exportierten Tabellen
--

--
-- Constraints der Tabelle `badging_time`
--
ALTER TABLE `badging_time`
ADD CONSTRAINT `time_and_uid` FOREIGN KEY (`USER_FK`) REFERENCES `badging_user` (`ID_USER`);

--
-- Constraints der Tabelle `badging_user`
--
ALTER TABLE `badging_user`
ADD CONSTRAINT `user_and_abteilung` FOREIGN KEY (`abteilung_fk`) REFERENCES `badging_abteilung` (`ID_abteilung`),
ADD CONSTRAINT `user_and_position` FOREIGN KEY (`position_fk`) REFERENCES `badging_position` (`ID_position`);

--
-- Constraints der Tabelle `email_uid`
--
ALTER TABLE `email_uid`
ADD CONSTRAINT `uid_and_email` FOREIGN KEY (`emailadressen_fk`) REFERENCES `email_adressen` (`ID_email`),
ADD CONSTRAINT `user_and_vorgesetzte` FOREIGN KEY (`user_fk`) REFERENCES `badging_user` (`ID_USER`);

--
-- Constraints der Tabelle `tag`
--
ALTER TABLE `tag`
ADD CONSTRAINT `uid_and_holiday` FOREIGN KEY (`user_fk`) REFERENCES `uid_user` (`ID_UID_USER`);

/*!40101 SET CHARACTER_SET_CLIENT=@OLD_CHARACTER_SET_CLIENT */;
/*!40101 SET CHARACTER_SET_RESULTS=@OLD_CHARACTER_SET_RESULTS */;
/*!40101 SET COLLATION_CONNECTION=@OLD_COLLATION_CONNECTION */;
